date,words_before,words_after,vote_sentences,names,months,years,events
2000-02-02,188,188,0,0,0,0,0
2000-03-21,194,194,0,0,1,0,0
2000-05-16,187,187,0,0,0,0,0
2000-06-28,162,162,0,0,0,0,0
2000-08-22,165,165,0,0,0,0,0
2000-10-03,175,175,0,0,0,0,0
2000-11-15,179,179,0,0,0,0,0
2000-12-19,151,151,0,0,0,0,0
2001-01-03,223,223,0,0,0,0,0
2001-01-31,252,252,0,0,0,0,0
2001-03-20,230,230,0,0,0,0,0
2001-04-18,280,280,0,0,1,0,0
2001-05-15,253,253,0,0,0,0,0
2001-06-27,200,200,0,0,0,0,0
2001-08-21,198,198,0,0,0,0,0
2001-09-17,214,214,0,0,0,0,0
2001-10-02,171,171,0,0,0,0,0
2001-11-06,170,170,0,0,0,0,0
2001-12-11,190,190,0,0,0,0,0
2002-01-30,128,128,0,0,0,0,0
2002-03-19,252,209,1,0,0,0,0
2002-05-07,174,131,1,0,0,0,0
2002-06-26,197,154,1,0,0,0,0
2002-08-13,171,122,1,0,0,0,0
2002-09-24,209,160,1,4,0,0,0
2002-11-06,250,201,1,0,0,0,0
2002-12-10,167,118,1,0,1,0,0
2003-01-29,166,118,1,0,0,0,0
2003-03-18,223,175,1,0,1,0,0
2003-05-06,213,165,1,0,0,0,0
2003-06-25,297,250,1,2,0,0,0
2003-08-12,209,162,1,0,0,0,0
2003-09-16,207,160,1,0,0,0,0
2003-10-28,208,161,1,0,0,0,0
2003-12-09,198,150,1,0,0,0,0
2004-01-28,200,154,1,0,0,0,0
2004-03-16,199,153,1,0,0,0,0
2004-05-04,197,151,1,0,0,0,0
2004-06-30,278,232,1,0,0,0,0
2004-08-10,296,250,1,0,0,0,0
2004-09-21,277,231,1,0,0,0,0
2004-11-10,258,212,1,0,0,0,0
2004-12-14,316,270,1,0,1,1,0
2005-02-02,262,215,1,0,0,0,0
2005-03-22,289,242,1,0,0,0,0
2005-05-03,283,238,1,0,0,0,0
2005-06-30,261,216,1,0,0,0,0
2005-08-09,271,229,1,0,0,0,0
2005-09-20,351,309,1,1,0,0,1
2005-11-01,275,233,1,0,0,0,0
2005-12-13,223,181,1,0,0,0,0
2006-01-31,216,176,1,0,0,0,0
2006-03-28,278,235,1,0,0,1,0
2006-05-10,327,284,1,0,0,0,0
2006-06-29,285,245,1,0,0,0,0
2006-08-08,216,177,1,1,0,0,0
2006-09-20,205,163,1,1,0,0,0
2006-10-25,209,167,1,1,0,0,0
2006-12-12,219,177,1,1,0,0,0
2007-01-31,173,129,1,0,0,0,0
2007-03-21,162,121,1,0,0,0,0
2007-05-09,161,120,1,0,0,0,0
2007-06-28,175,134,1,0,0,0,0
2007-08-07,204,164,1,0,0,0,0
2007-08-10,94,94,0,0,0,0,0
2007-08-17,123,104,0,10,0,0,0
2007-09-18,254,214,1,0,0,0,0
2007-10-31,301,266,1,5,1,0,0
2007-12-11,278,238,1,1,0,0,0
2008-01-22,252,213,1,2,0,0,0
2008-01-30,250,210,1,1,0,0,0
2008-03-11,362,364,0,0,3,3,0
2008-03-18,288,249,1,2,0,0,0
2008-04-30,304,265,1,2,0,0,0
2008-06-25,248,208,1,1,0,0,0
2008-08-05,243,200,1,1,0,0,0
2008-09-16,221,179,1,2,0,0,0
2008-10-08,384,343,1,0,0,0,1
2008-10-29,286,245,1,0,0,0,0
2008-12-16,399,360,1,0,0,0,0
2009-01-28,474,436,1,1,1,0,0
2009-03-18,419,377,1,0,1,0,0
2009-04-29,425,383,1,0,2,0,0
2009-06-24,378,336,1,0,1,0,0
2009-08-12,420,378,1,0,2,0,0
2009-09-23,425,384,1,0,2,2,0
2009-11-04,463,421,1,0,1,1,0
2009-12-16,568,527,1,0,6,6,0
2010-01-27,547,508,1,1,7,0,0
2010-03-16,442,403,1,1,3,0,0
2010-04-28,406,367,1,1,3,0,0
2010-05-09,242,242,0,0,1,1,1
2010-06-23,356,317,1,1,1,0,0
2010-08-10,456,416,1,2,1,0,0
2010-09-21,424,387,1,2,1,0,0
2010-11-03,482,438,1,3,1,1,0
2010-12-14,489,446,1,2,2,1,0
2011-01-26,434,391,1,0,2,1,0
2011-03-15,460,420,1,0,2,1,0
2011-04-27,461,420,1,0,3,0,0
2011-06-22,453,412,1,0,1,0,1
2011-08-09,521,483,1,3,1,1,1
2011-09-21,550,512,1,3,2,2,0
2011-11-02,485,445,1,1,2,1,0
2011-12-13,429,389,1,1,2,1,0
2012-01-25,418,378,1,1,2,1,0
2012-03-13,429,389,1,1,2,2,0
2012-04-25,438,398,1,1,2,2,0
2012-06-20,483,437,1,1,1,1,0
2012-08-01,457,411,1,1,2,1,0
2012-09-13,551,505,1,1,2,1,0
2012-10-24,548,502,1,1,1,1,0
2012-12-12,676,630,1,1,2,0,0
2013-01-30,645,599,1,1,1,0,0
2013-03-20,643,597,1,1,1,0,0
2013-05-01,669,623,1,1,1,0,0
2013-06-19,697,652,1,2,1,0,0
2013-07-31,700,654,1,1,1,0,0
2013-09-18,798,758,1,1,1,0,0
2013-10-30,776,736,1,1,1,0,0
2013-12-18,867,827,1,1,2,0,0
2014-01-29,830,790,1,0,2,0,0
2014-03-19,875,839,1,1,2,0,0
2014-04-30,809,772,1,0,2,0,0
2014-06-18,796,757,1,0,2,0,0
2014-07-30,839,801,1,1,2,0,0
2014-09-17,893,854,1,4,2,0,0
2014-10-29,705,667,1,1,1,0,0
2014-12-17,732,696,1,3,3,0,0
2015-01-28,567,527,1,0,1,0,0
2015-03-18,582,542,1,0,2,0,0
2015-04-29,558,518,1,0,1,0,0
2015-06-17,543,503,1,0,1,0,0
2015-07-29,537,497,1,0,1,0,0
2015-09-17,586,547,1,1,1,0,0
2015-10-28,577,538,1,1,1,0,0
2015-12-16,596,556,1,0,1,0,0
2016-01-27,558,520,1,0,1,0,0
2016-03-16,571,534,1,1,1,0,0
2016-04-27,576,539,1,1,1,0,0
2016-06-15,540,502,1,0,1,0,0
2016-07-27,565,528,1,1,3,0,0
2016-09-21,603,568,1,3,1,0,0
2016-11-02,597,561,1,2,1,0,0
2016-12-14,535,497,1,0,1,0,0
2017-02-01,499,461,1,0,1,0,0
2017-03-15,521,484,1,1,1,0,0
2017-05-03,517,482,1,0,2,0,0
2017-06-14,551,517,1,1,1,0,0
2017-07-26,506,472,1,0,2,1,0
2017-09-20,534,499,1,0,3,1,3
2017-11-01,512,477,1,0,4,1,0
2017-12-13,485,451,1,2,1,0,0
2018-01-31,420,382,1,0,1,0,0
2018-03-21,446,411,1,0,1,0,0
2018-05-02,420,385,1,0,1,0,0
2018-06-13,320,285,1,0,1,0,0
2018-08-01,308,273,1,0,1,0,0
2018-09-26,290,252,1,0,1,0,0
2018-11-08,303,265,1,0,1,0,0
2018-12-19,330,289,1,0,1,0,0
2019-01-30,327,287,1,0,1,0,0
2019-03-20,343,303,1,0,2,0,0
2019-05-01,319,279,1,0,1,0,0
2019-06-19,356,318,1,1,1,0,0
2019-07-31,403,366,1,2,2,0,0
2019-09-18,388,352,1,3,1,0,0
2019-10-11,686,691,0,0,7,5,0
2019-10-30,348,311,1,2,1,0,0
2019-12-11,311,272,1,0,1,0,0
2020-01-29,311,273,1,0,1,0,0
2020-03-03,124,86,1,0,0,0,1
2020-03-15,662,625,1,1,2,0,2
2020-03-23,575,559,0,10,1,1,0
2020-03-31,259,259,0,0,1,0,0
2020-04-29,422,384,1,0,0,0,1
2020-06-10,425,387,1,0,0,0,1
2020-07-29,446,408,1,0,0,0,1
2020-08-27,590,586,0,2,4,4,0
2020-09-16,547,511,1,2,0,0,1
2020-11-05,464,424,1,1,0,0,1
2020-12-16,478,440,1,0,0,0,1
2021-01-27,485,442,1,0,0,0,1
2021-03-17,480,437,1,0,0,0,1
2021-04-28,476,433,1,0,0,0,1
2021-06-16,474,431,1,0,0,0,1
2021-07-28,488,445,1,0,1,0,0
2021-09-22,506,463,1,0,1,0,1
2021-11-03,614,571,1,0,2,0,1
2021-12-15,521,478,1,0,1,0,1
2022-01-26,430,394,1,1,2,0,1
2022-03-16,348,313,1,2,0,0,2
2022-05-04,366,330,1,1,1,0,3
2022-06-15,368,327,1,2,1,0,3
2022-07-27,313,268,1,0,1,0,1
2022-09-21,314,269,1,0,1,0,1
2022-11-02,375,330,1,0,1,0,1
2022-12-14,375,330,1,0,1,0,1
2023-02-01,333,289,1,0,0,0,1
2023-03-22,365,323,1,0,0,0,0
2023-05-03,331,289,1,0,0,0,0
2023-06-14,341,299,1,0,0,0,0
2023-07-26,333,291,1,0,0,0,0
2023-09-20,338,293,1,0,0,0,0
2023-11-01,344,299,1,0,0,0,0
2023-12-13,355,310,1,0,0,0,0
2024-01-31,334,287,1,0,0,0,0
2024-03-20,328,281,1,0,0,0,0
2024-05-01,406,359,1,0,1,0,0
2024-06-12,342,295,1,0,0,0,0
2024-07-31,359,310,1,1,0,0,0
2024-09-18,356,310,1,1,0,0,0
2024-11-07,318,271,1,0,0,0,0
2024-12-18,345,299,1,1,0,0,0
2025-01-29,306,259,1,0,0,0,0
2025-03-19,365,319,1,1,1,0,0
2025-05-07,322,275,1,1,0,0,0
2025-06-18,295,248,1,0,0,0,0
2025-07-30,325,281,1,3,0,0,0
2025-08-22,195,197,0,0,2,5,0
2025-09-17,335,289,1,1,0,0,0
2025-10-29,366,321,1,2,2,0,0
2025-12-10,386,342,1,3,1,0,0
2026-01-28,292,249,1,2,0,0,0
2026-03-18,306,260,1,1,0,0,1
2026-04-29,341,298,1,4,0,0,1
2026-06-17,131,112,1,0,0,0,1
2026-07-29,167,143,1,3,0,0,1
