id,date,previous,label
1,2000-12-19,2000-11-15,
2,2002-01-30,2001-12-11,
3,2002-03-19,2002-01-30,
4,2002-05-07,2002-03-19,
5,2002-06-26,2002-05-07,
6,2002-12-10,2002-11-06,
7,2003-01-29,2002-12-10,
8,2003-08-12,2003-06-25,
9,2003-10-28,2003-09-16,
10,2003-12-09,2003-10-28,
11,2007-03-21,2007-01-31,
12,2007-05-09,2007-03-21,
13,2007-08-07,2007-06-28,
14,2009-06-24,2009-04-29,
15,2010-06-23,2010-04-28,
16,2010-12-14,2010-11-03,
17,2011-04-27,2011-03-15,
18,2011-06-22,2011-04-27,
19,2011-08-09,2011-06-22,
20,2012-09-13,2012-08-01,
21,2013-03-20,2013-01-30,
22,2013-06-19,2013-05-01,
23,2013-07-31,2013-06-19,
24,2013-09-18,2013-07-31,
25,2013-10-30,2013-09-18,
26,2013-12-18,2013-10-30,
27,2014-09-17,2014-07-30,
28,2014-12-17,2014-10-29,
29,2017-11-01,2017-09-20,
30,2018-05-02,2018-03-21,
31,2018-08-01,2018-06-13,
32,2018-11-08,2018-09-26,
33,2019-05-01,2019-03-20,
34,2020-09-16,2020-07-29,
35,2021-03-17,2021-01-27,
36,2021-04-28,2021-03-17,
37,2021-06-16,2021-04-28,
38,2021-12-15,2021-11-03,
39,2023-06-14,2023-05-03,
40,2023-09-20,2023-07-26,
