date,change_bp,level
2000-02-02,25,5.75
2000-03-21,25,6.00
2000-05-16,50,6.50
2001-01-03,-50,6.00
2001-01-31,-50,5.50
2001-03-20,-50,5.00
2001-04-18,-50,4.50
2001-05-15,-50,4.00
2001-06-27,-25,3.75
2001-08-21,-25,3.50
2001-09-17,-50,3.00
2001-10-02,-50,2.50
2001-11-06,-50,2.00
2001-12-11,-25,1.75
2002-11-06,-50,1.25
2003-06-25,-25,1.00
2004-06-30,25,1.25
2004-08-10,25,1.50
2004-09-21,25,1.75
2004-11-10,25,2.00
2004-12-14,25,2.25
2005-02-02,25,2.50
2005-03-22,25,2.75
2005-05-03,25,3.00
2005-06-30,25,3.25
2005-08-09,25,3.50
2005-09-20,25,3.75
2005-11-01,25,4.00
2005-12-13,25,4.25
2006-01-31,25,4.50
2006-03-28,25,4.75
2006-05-10,25,5.00
2006-06-29,25,5.25
2007-09-18,-50,4.75
2007-10-31,-25,4.50
2007-12-11,-25,4.25
2008-01-22,-75,3.50
2008-01-30,-50,3.00
2008-03-18,-75,2.25
2008-04-30,-25,2.00
2008-10-08,-50,1.50
2008-10-29,-50,1.00
2008-12-16,-75,0-0.25
2015-12-17,25,0.25-0.50
2016-12-15,25,0.50-0.75
2017-03-16,25,0.75-1.00
2017-06-15,25,1.00-1.25
2017-12-14,25,1.25-1.50
2018-03-22,25,1.50-1.75
2018-06-14,25,1.75-2.00
2018-09-27,25,2.00-2.25
2018-12-20,25,2.25-2.50
2019-08-01,-25,2.00-2.25
2019-09-19,-25,1.75-2.00
2019-10-31,-25,1.50-1.75
2020-03-04,-50,1.00-1.25
2020-03-16,-100,0-0.25
2022-03-17,25,0.25-0.50
2022-05-05,50,0.75-1.00
2022-06-16,75,1.50-1.75
2022-07-28,75,2.25-2.50
2022-09-22,75,3.00-3.25
2022-11-03,75,3.75-4.00
2022-12-15,50,4.25-4.50
2023-02-02,25,4.50-4.75
2023-03-23,25,4.75-5.00
2023-05-04,25,5.00-5.25
2023-07-27,25,5.25-5.50
2024-09-19,-50,4.75-5.00
2024-11-08,-25,4.50-4.75
2024-12-19,-25,4.25-4.50
2025-09-18,-25,4.00-4.25
2025-10-30,-25,3.75-4.00
2025-12-11,-25,3.50-3.75
