date,prompt,score,model,temperature,raw_reply
2000-02-02,DICT,1.0,dictionary/abg-style-v1,,hawkish=4 dovish=0
2000-03-21,DICT,1.0,dictionary/abg-style-v1,,hawkish=3 dovish=0
2000-05-16,DICT,1.0,dictionary/abg-style-v1,,hawkish=3 dovish=0
2000-06-28,DICT,0.0,dictionary/abg-style-v1,,hawkish=2 dovish=2
2000-08-22,DICT,-0.6,dictionary/abg-style-v1,,hawkish=1 dovish=4
2000-10-03,DICT,-0.2,dictionary/abg-style-v1,,hawkish=2 dovish=3
2000-11-15,DICT,0.6,dictionary/abg-style-v1,,hawkish=4 dovish=1
2000-12-19,DICT,0.0,dictionary/abg-style-v1,,hawkish=3 dovish=3
2001-01-03,DICT,-0.5,dictionary/abg-style-v1,,hawkish=1 dovish=3
2001-01-31,DICT,-0.4286,dictionary/abg-style-v1,,hawkish=2 dovish=5
2001-03-20,DICT,-0.4286,dictionary/abg-style-v1,,hawkish=2 dovish=5
2001-04-18,DICT,-1.0,dictionary/abg-style-v1,,hawkish=0 dovish=5
2001-05-15,DICT,-1.0,dictionary/abg-style-v1,,hawkish=0 dovish=4
2001-06-27,DICT,-1.0,dictionary/abg-style-v1,,hawkish=0 dovish=8
2001-08-21,DICT,-1.0,dictionary/abg-style-v1,,hawkish=0 dovish=7
2001-09-17,DICT,-1.0,dictionary/abg-style-v1,,hawkish=0 dovish=7
2001-10-02,DICT,-1.0,dictionary/abg-style-v1,,hawkish=0 dovish=2
2001-11-06,DICT,-1.0,dictionary/abg-style-v1,,hawkish=0 dovish=3
2001-12-11,DICT,-1.0,dictionary/abg-style-v1,,hawkish=0 dovish=5
2002-01-30,DICT,-0.5,dictionary/abg-style-v1,,hawkish=1 dovish=3
2002-03-19,DICT,0.0,dictionary/abg-style-v1,,hawkish=1 dovish=1
2002-05-07,DICT,0.3333,dictionary/abg-style-v1,,hawkish=2 dovish=1
2002-06-26,DICT,0.2,dictionary/abg-style-v1,,hawkish=3 dovish=2
2002-08-13,DICT,-0.3333,dictionary/abg-style-v1,,hawkish=1 dovish=2
2002-09-24,DICT,0.0,dictionary/abg-style-v1,,hawkish=3 dovish=3
2002-11-06,DICT,-0.5,dictionary/abg-style-v1,,hawkish=1 dovish=3
2002-12-10,DICT,0.0,dictionary/abg-style-v1,,hawkish=1 dovish=1
2003-01-29,DICT,-1.0,dictionary/abg-style-v1,,hawkish=0 dovish=3
2003-03-18,DICT,-1.0,dictionary/abg-style-v1,,hawkish=0 dovish=1
2003-05-06,DICT,-0.3333,dictionary/abg-style-v1,,hawkish=1 dovish=2
2003-06-25,DICT,-0.1429,dictionary/abg-style-v1,,hawkish=3 dovish=4
2003-08-12,DICT,0.1429,dictionary/abg-style-v1,,hawkish=4 dovish=3
2003-09-16,DICT,0.0,dictionary/abg-style-v1,,hawkish=3 dovish=3
2003-10-28,DICT,0.1429,dictionary/abg-style-v1,,hawkish=4 dovish=3
2003-12-09,DICT,-0.1429,dictionary/abg-style-v1,,hawkish=3 dovish=4
2004-01-28,DICT,-0.3333,dictionary/abg-style-v1,,hawkish=3 dovish=6
2004-03-16,DICT,-0.4,dictionary/abg-style-v1,,hawkish=3 dovish=7
2004-05-04,DICT,0.25,dictionary/abg-style-v1,,hawkish=5 dovish=3
2004-06-30,DICT,0.3333,dictionary/abg-style-v1,,hawkish=4 dovish=2
2004-08-10,DICT,0.0909,dictionary/abg-style-v1,,hawkish=6 dovish=5
2004-09-21,DICT,0.2,dictionary/abg-style-v1,,hawkish=6 dovish=4
2004-11-10,DICT,0.0,dictionary/abg-style-v1,,hawkish=4 dovish=4
2004-12-14,DICT,0.0,dictionary/abg-style-v1,,hawkish=4 dovish=4
2005-02-02,DICT,0.0,dictionary/abg-style-v1,,hawkish=4 dovish=4
2005-03-22,DICT,0.1111,dictionary/abg-style-v1,,hawkish=5 dovish=4
2005-05-03,DICT,0.0,dictionary/abg-style-v1,,hawkish=4 dovish=4
2005-06-30,DICT,0.3333,dictionary/abg-style-v1,,hawkish=6 dovish=3
2005-08-09,DICT,0.0,dictionary/abg-style-v1,,hawkish=5 dovish=5
2005-09-20,DICT,-0.25,dictionary/abg-style-v1,,hawkish=3 dovish=5
2005-11-01,DICT,-0.1111,dictionary/abg-style-v1,,hawkish=4 dovish=5
2005-12-13,DICT,0.5,dictionary/abg-style-v1,,hawkish=6 dovish=2
2006-01-31,DICT,0.4286,dictionary/abg-style-v1,,hawkish=5 dovish=2
2006-03-28,DICT,0.3333,dictionary/abg-style-v1,,hawkish=4 dovish=2
2006-05-10,DICT,0.4286,dictionary/abg-style-v1,,hawkish=5 dovish=2
2006-06-29,DICT,0.1429,dictionary/abg-style-v1,,hawkish=4 dovish=3
2006-08-08,DICT,-0.3333,dictionary/abg-style-v1,,hawkish=2 dovish=4
2006-09-20,DICT,-0.4286,dictionary/abg-style-v1,,hawkish=2 dovish=5
2006-10-25,DICT,-0.4286,dictionary/abg-style-v1,,hawkish=2 dovish=5
2006-12-12,DICT,-0.4286,dictionary/abg-style-v1,,hawkish=2 dovish=5
2007-01-31,DICT,0.3333,dictionary/abg-style-v1,,hawkish=2 dovish=1
2007-03-21,DICT,-0.3333,dictionary/abg-style-v1,,hawkish=1 dovish=2
2007-05-09,DICT,-0.5,dictionary/abg-style-v1,,hawkish=1 dovish=3
2007-06-28,DICT,-1.0,dictionary/abg-style-v1,,hawkish=0 dovish=3
2007-08-07,DICT,0.1429,dictionary/abg-style-v1,,hawkish=4 dovish=3
2007-08-10,DICT,0.0,dictionary/abg-style-v1,,hawkish=0 dovish=0
2007-08-17,DICT,0.0,dictionary/abg-style-v1,,hawkish=1 dovish=1
2007-09-18,DICT,-0.6,dictionary/abg-style-v1,,hawkish=1 dovish=4
2007-10-31,DICT,0.0,dictionary/abg-style-v1,,hawkish=3 dovish=3
2007-12-11,DICT,-0.3333,dictionary/abg-style-v1,,hawkish=2 dovish=4
2008-01-22,DICT,-0.5,dictionary/abg-style-v1,,hawkish=1 dovish=3
2008-01-30,DICT,-1.0,dictionary/abg-style-v1,,hawkish=0 dovish=4
2008-03-11,DICT,0.0,dictionary/abg-style-v1,,hawkish=0 dovish=0
2008-03-18,DICT,-0.3333,dictionary/abg-style-v1,,hawkish=4 dovish=8
2008-04-30,DICT,-0.4,dictionary/abg-style-v1,,hawkish=3 dovish=7
2008-06-25,DICT,0.4,dictionary/abg-style-v1,,hawkish=7 dovish=3
2008-08-05,DICT,0.25,dictionary/abg-style-v1,,hawkish=5 dovish=3
2008-09-16,DICT,-0.25,dictionary/abg-style-v1,,hawkish=3 dovish=5
2008-10-08,DICT,-0.8462,dictionary/abg-style-v1,,hawkish=1 dovish=12
2008-10-29,DICT,-1.0,dictionary/abg-style-v1,,hawkish=0 dovish=10
2008-12-16,DICT,-1.0,dictionary/abg-style-v1,,hawkish=0 dovish=9
2009-01-28,DICT,-1.0,dictionary/abg-style-v1,,hawkish=0 dovish=8
2009-03-18,DICT,-1.0,dictionary/abg-style-v1,,hawkish=0 dovish=5
2009-04-29,DICT,-1.0,dictionary/abg-style-v1,,hawkish=0 dovish=7
2009-06-24,DICT,-0.75,dictionary/abg-style-v1,,hawkish=1 dovish=7
2009-08-12,DICT,-0.7778,dictionary/abg-style-v1,,hawkish=1 dovish=8
2009-09-23,DICT,-0.4545,dictionary/abg-style-v1,,hawkish=3 dovish=8
2009-11-04,DICT,-0.5385,dictionary/abg-style-v1,,hawkish=3 dovish=10
2009-12-16,DICT,-0.5385,dictionary/abg-style-v1,,hawkish=3 dovish=10
2010-01-27,DICT,-0.5385,dictionary/abg-style-v1,,hawkish=3 dovish=10
2010-03-16,DICT,-0.5,dictionary/abg-style-v1,,hawkish=3 dovish=9
2010-04-28,DICT,-0.2308,dictionary/abg-style-v1,,hawkish=5 dovish=8
2010-05-09,DICT,0.0,dictionary/abg-style-v1,,hawkish=0 dovish=0
2010-06-23,DICT,-0.6,dictionary/abg-style-v1,,hawkish=2 dovish=8
2010-08-10,DICT,-0.6667,dictionary/abg-style-v1,,hawkish=2 dovish=10
2010-09-21,DICT,-0.6667,dictionary/abg-style-v1,,hawkish=2 dovish=10
2010-11-03,DICT,-0.4545,dictionary/abg-style-v1,,hawkish=3 dovish=8
2010-12-14,DICT,-0.5556,dictionary/abg-style-v1,,hawkish=2 dovish=7
2011-01-26,DICT,-0.0909,dictionary/abg-style-v1,,hawkish=5 dovish=6
2011-03-15,DICT,-0.0909,dictionary/abg-style-v1,,hawkish=5 dovish=6
2011-04-27,DICT,-0.1667,dictionary/abg-style-v1,,hawkish=5 dovish=7
2011-06-22,DICT,-0.1667,dictionary/abg-style-v1,,hawkish=5 dovish=7
2011-08-09,DICT,-0.0769,dictionary/abg-style-v1,,hawkish=6 dovish=7
2011-09-21,DICT,-0.1429,dictionary/abg-style-v1,,hawkish=6 dovish=8
2011-11-02,DICT,-0.0769,dictionary/abg-style-v1,,hawkish=6 dovish=7
2011-12-13,DICT,-0.2727,dictionary/abg-style-v1,,hawkish=4 dovish=7
2012-01-25,DICT,-0.4545,dictionary/abg-style-v1,,hawkish=3 dovish=8
2012-03-13,DICT,-0.2308,dictionary/abg-style-v1,,hawkish=5 dovish=8
2012-04-25,DICT,0.0769,dictionary/abg-style-v1,,hawkish=7 dovish=6
2012-06-20,DICT,-0.4667,dictionary/abg-style-v1,,hawkish=4 dovish=11
2012-08-01,DICT,-0.4286,dictionary/abg-style-v1,,hawkish=4 dovish=10
2012-09-13,DICT,-0.5385,dictionary/abg-style-v1,,hawkish=3 dovish=10
2012-10-24,DICT,-0.1667,dictionary/abg-style-v1,,hawkish=5 dovish=7
2012-12-12,DICT,-0.2857,dictionary/abg-style-v1,,hawkish=5 dovish=9
2013-01-30,DICT,-0.3846,dictionary/abg-style-v1,,hawkish=4 dovish=9
2013-03-20,DICT,-0.4667,dictionary/abg-style-v1,,hawkish=4 dovish=11
2013-05-01,DICT,-0.5,dictionary/abg-style-v1,,hawkish=4 dovish=12
2013-06-19,DICT,-0.5294,dictionary/abg-style-v1,,hawkish=4 dovish=13
2013-07-31,DICT,-0.4444,dictionary/abg-style-v1,,hawkish=5 dovish=13
2013-09-18,DICT,-0.3,dictionary/abg-style-v1,,hawkish=7 dovish=13
2013-10-30,DICT,-0.4,dictionary/abg-style-v1,,hawkish=6 dovish=14
2013-12-18,DICT,-0.2381,dictionary/abg-style-v1,,hawkish=8 dovish=13
2014-01-29,DICT,-0.2381,dictionary/abg-style-v1,,hawkish=8 dovish=13
2014-03-19,DICT,-0.7647,dictionary/abg-style-v1,,hawkish=2 dovish=15
2014-04-30,DICT,-0.4444,dictionary/abg-style-v1,,hawkish=5 dovish=13
2014-06-18,DICT,-0.7143,dictionary/abg-style-v1,,hawkish=2 dovish=12
2014-07-30,DICT,-0.5714,dictionary/abg-style-v1,,hawkish=3 dovish=11
2014-09-17,DICT,-0.6471,dictionary/abg-style-v1,,hawkish=3 dovish=14
2014-10-29,DICT,-0.5789,dictionary/abg-style-v1,,hawkish=4 dovish=15
2014-12-17,DICT,-0.6,dictionary/abg-style-v1,,hawkish=4 dovish=16
2015-01-28,DICT,-0.619,dictionary/abg-style-v1,,hawkish=4 dovish=17
2015-03-18,DICT,-0.5455,dictionary/abg-style-v1,,hawkish=5 dovish=17
2015-04-29,DICT,-0.75,dictionary/abg-style-v1,,hawkish=3 dovish=21
2015-06-17,DICT,-0.6364,dictionary/abg-style-v1,,hawkish=4 dovish=18
2015-07-29,DICT,-0.7,dictionary/abg-style-v1,,hawkish=3 dovish=17
2015-09-17,DICT,-0.6842,dictionary/abg-style-v1,,hawkish=3 dovish=16
2015-10-28,DICT,-0.4,dictionary/abg-style-v1,,hawkish=6 dovish=14
2015-12-16,DICT,-0.1111,dictionary/abg-style-v1,,hawkish=8 dovish=10
2016-01-27,DICT,-0.4444,dictionary/abg-style-v1,,hawkish=5 dovish=13
2016-03-16,DICT,-0.2,dictionary/abg-style-v1,,hawkish=6 dovish=9
2016-04-27,DICT,-0.5556,dictionary/abg-style-v1,,hawkish=4 dovish=14
2016-06-15,DICT,-0.4444,dictionary/abg-style-v1,,hawkish=5 dovish=13
2016-07-27,DICT,-0.125,dictionary/abg-style-v1,,hawkish=7 dovish=9
2016-09-21,DICT,-0.0588,dictionary/abg-style-v1,,hawkish=8 dovish=9
2016-11-02,DICT,0.2,dictionary/abg-style-v1,,hawkish=9 dovish=6
2016-12-14,DICT,0.2941,dictionary/abg-style-v1,,hawkish=11 dovish=6
2017-02-01,DICT,0.0,dictionary/abg-style-v1,,hawkish=7 dovish=7
2017-03-15,DICT,0.25,dictionary/abg-style-v1,,hawkish=10 dovish=6
2017-05-03,DICT,0.0,dictionary/abg-style-v1,,hawkish=9 dovish=9
2017-06-14,DICT,0.0667,dictionary/abg-style-v1,,hawkish=8 dovish=7
2017-07-26,DICT,0.0909,dictionary/abg-style-v1,,hawkish=6 dovish=5
2017-09-20,DICT,0.1429,dictionary/abg-style-v1,,hawkish=8 dovish=6
2017-11-01,DICT,0.0769,dictionary/abg-style-v1,,hawkish=7 dovish=6
2017-12-13,DICT,0.2308,dictionary/abg-style-v1,,hawkish=8 dovish=5
2018-01-31,DICT,0.5556,dictionary/abg-style-v1,,hawkish=7 dovish=2
2018-03-21,DICT,0.6923,dictionary/abg-style-v1,,hawkish=11 dovish=2
2018-05-02,DICT,0.2308,dictionary/abg-style-v1,,hawkish=8 dovish=5
2018-06-13,DICT,0.875,dictionary/abg-style-v1,,hawkish=15 dovish=1
2018-08-01,DICT,0.8333,dictionary/abg-style-v1,,hawkish=11 dovish=1
2018-09-26,DICT,1.0,dictionary/abg-style-v1,,hawkish=12 dovish=0
2018-11-08,DICT,0.8333,dictionary/abg-style-v1,,hawkish=11 dovish=1
2018-12-19,DICT,0.8571,dictionary/abg-style-v1,,hawkish=13 dovish=1
2019-01-30,DICT,0.3333,dictionary/abg-style-v1,,hawkish=10 dovish=5
2019-03-20,DICT,-0.125,dictionary/abg-style-v1,,hawkish=7 dovish=9
2019-05-01,DICT,0.1429,dictionary/abg-style-v1,,hawkish=8 dovish=6
2019-06-19,DICT,0.5,dictionary/abg-style-v1,,hawkish=12 dovish=4
2019-07-31,DICT,0.4444,dictionary/abg-style-v1,,hawkish=13 dovish=5
2019-09-18,DICT,0.5,dictionary/abg-style-v1,,hawkish=12 dovish=4
2019-10-11,DICT,-1.0,dictionary/abg-style-v1,,hawkish=0 dovish=1
2019-10-30,DICT,0.3846,dictionary/abg-style-v1,,hawkish=9 dovish=4
2019-12-11,DICT,0.5,dictionary/abg-style-v1,,hawkish=9 dovish=3
2020-01-29,DICT,0.3846,dictionary/abg-style-v1,,hawkish=9 dovish=4
2020-03-03,DICT,0.0,dictionary/abg-style-v1,,hawkish=1 dovish=1
2020-03-15,DICT,0.1667,dictionary/abg-style-v1,,hawkish=7 dovish=5
2020-03-23,DICT,-1.0,dictionary/abg-style-v1,,hawkish=0 dovish=1
2020-03-31,DICT,0.0,dictionary/abg-style-v1,,hawkish=0 dovish=0
2020-04-29,DICT,-1.0,dictionary/abg-style-v1,,hawkish=0 dovish=4
2020-06-10,DICT,-1.0,dictionary/abg-style-v1,,hawkish=0 dovish=4
2020-07-29,DICT,-1.0,dictionary/abg-style-v1,,hawkish=0 dovish=3
2020-08-27,DICT,0.5,dictionary/abg-style-v1,,hawkish=3 dovish=1
2020-09-16,DICT,-0.1111,dictionary/abg-style-v1,,hawkish=4 dovish=5
2020-11-05,DICT,-0.5,dictionary/abg-style-v1,,hawkish=2 dovish=6
2020-12-16,DICT,-0.5,dictionary/abg-style-v1,,hawkish=2 dovish=6
2021-01-27,DICT,-0.6,dictionary/abg-style-v1,,hawkish=2 dovish=8
2021-03-17,DICT,-0.4286,dictionary/abg-style-v1,,hawkish=2 dovish=5
2021-04-28,DICT,0.1111,dictionary/abg-style-v1,,hawkish=5 dovish=4
2021-06-16,DICT,0.1111,dictionary/abg-style-v1,,hawkish=5 dovish=4
2021-07-28,DICT,0.0,dictionary/abg-style-v1,,hawkish=4 dovish=4
2021-09-22,DICT,-0.1111,dictionary/abg-style-v1,,hawkish=4 dovish=5
2021-11-03,DICT,-0.1667,dictionary/abg-style-v1,,hawkish=5 dovish=7
2021-12-15,DICT,0.0,dictionary/abg-style-v1,,hawkish=4 dovish=4
2022-01-26,DICT,0.2727,dictionary/abg-style-v1,,hawkish=7 dovish=4
2022-03-16,DICT,1.0,dictionary/abg-style-v1,,hawkish=13 dovish=0
2022-05-04,DICT,1.0,dictionary/abg-style-v1,,hawkish=14 dovish=0
2022-06-15,DICT,1.0,dictionary/abg-style-v1,,hawkish=12 dovish=0
2022-07-27,DICT,0.6667,dictionary/abg-style-v1,,hawkish=10 dovish=2
2022-09-21,DICT,1.0,dictionary/abg-style-v1,,hawkish=10 dovish=0
2022-11-02,DICT,1.0,dictionary/abg-style-v1,,hawkish=12 dovish=0
2022-12-14,DICT,1.0,dictionary/abg-style-v1,,hawkish=12 dovish=0
2023-02-01,DICT,0.7778,dictionary/abg-style-v1,,hawkish=8 dovish=1
2023-03-22,DICT,1.0,dictionary/abg-style-v1,,hawkish=8 dovish=0
2023-05-03,DICT,1.0,dictionary/abg-style-v1,,hawkish=8 dovish=0
2023-06-14,DICT,1.0,dictionary/abg-style-v1,,hawkish=7 dovish=0
2023-07-26,DICT,1.0,dictionary/abg-style-v1,,hawkish=8 dovish=0
2023-09-20,DICT,0.6667,dictionary/abg-style-v1,,hawkish=5 dovish=1
2023-11-01,DICT,0.7143,dictionary/abg-style-v1,,hawkish=6 dovish=1
2023-12-13,DICT,0.1429,dictionary/abg-style-v1,,hawkish=4 dovish=3
2024-01-31,DICT,-0.2,dictionary/abg-style-v1,,hawkish=2 dovish=3
2024-03-20,DICT,0.2,dictionary/abg-style-v1,,hawkish=3 dovish=2
2024-05-01,DICT,0.2,dictionary/abg-style-v1,,hawkish=3 dovish=2
2024-06-12,DICT,0.2,dictionary/abg-style-v1,,hawkish=3 dovish=2
2024-07-31,DICT,-0.2,dictionary/abg-style-v1,,hawkish=2 dovish=3
2024-09-18,DICT,0.0,dictionary/abg-style-v1,,hawkish=2 dovish=2
2024-11-07,DICT,0.0,dictionary/abg-style-v1,,hawkish=2 dovish=2
2024-12-18,DICT,0.0,dictionary/abg-style-v1,,hawkish=2 dovish=2
2025-01-29,DICT,1.0,dictionary/abg-style-v1,,hawkish=3 dovish=0
2025-03-19,DICT,1.0,dictionary/abg-style-v1,,hawkish=3 dovish=0
2025-05-07,DICT,0.6,dictionary/abg-style-v1,,hawkish=4 dovish=1
2025-06-18,DICT,1.0,dictionary/abg-style-v1,,hawkish=3 dovish=0
2025-07-30,DICT,0.2,dictionary/abg-style-v1,,hawkish=3 dovish=2
2025-08-22,DICT,0.0,dictionary/abg-style-v1,,hawkish=0 dovish=0
2025-09-17,DICT,-0.1429,dictionary/abg-style-v1,,hawkish=3 dovish=4
2025-10-29,DICT,0.2,dictionary/abg-style-v1,,hawkish=3 dovish=2
2025-12-10,DICT,0.2,dictionary/abg-style-v1,,hawkish=3 dovish=2
2026-01-28,DICT,0.5,dictionary/abg-style-v1,,hawkish=3 dovish=1
2026-03-18,DICT,0.2,dictionary/abg-style-v1,,hawkish=3 dovish=2
2026-04-29,DICT,0.6,dictionary/abg-style-v1,,hawkish=4 dovish=1
2026-06-17,DICT,1.0,dictionary/abg-style-v1,,hawkish=5 dovish=0
2026-07-29,DICT,1.0,dictionary/abg-style-v1,,hawkish=5 dovish=0
