date,Unscheduled,MPS,MPS_ORTH,TNOTE02,TNOTE10
1988-02-04,1,-0.008690377564978502,-0.03867131806661688,,-0.009101251422070534
1988-02-05,1,0.01140857172877455,0.002540131204118785,,0.004492554052327479
1988-02-11,0,0.00930356302591996,-8.516107709749532e-05,,0.006775458031529612
1988-03-30,0,0.01308818635362597,-0.04212841080595666,,-0.014090668042596493
1988-04-04,1,0.03036480351021392,-0.005194627469360009,,0.0
1988-04-05,1,0.03652646242973736,0.006275811898051258,,0.009454214501727077
1988-04-06,1,-0.005399583960886923,-0.03637838161595621,,-0.0070856840115696325
1988-05-09,1,0.03296751537979014,0.02050123534461543,,0.009652576889311055
1988-05-10,1,0.003649105457139517,-0.0083508097745554,,-0.002415282918328845
1988-05-18,0,0.02875720286366253,0.0178638184764447,,0.007336163821736996
1988-05-19,0,0.04090149014655577,0.03394704154434744,,0.0049115689473456245
1988-05-20,0,0.011447606723013,0.002054746154686506,,-0.004904085052290981
1988-05-25,1,0.03513598360524726,0.02848434741214193,,0.0098065680259834
1988-05-26,1,0.03033432297167993,0.02437453787676404,,0.019659847248891905
1988-06-17,1,0.03651790797403611,0.009247285689263432,,0.0
1988-06-20,1,-0.007730268941506819,-0.03607080275606602,,-0.004868765648832992
1988-07-01,0,0.02058899736343366,-0.009616610557819417,,0.009504707503300994
1988-07-19,1,0.03297606983548764,-0.007391211824713341,,0.014640406021108485
1988-07-20,1,0.01941206202831261,-0.01983406001141644,,0.004873550954495646
1988-08-09,1,0.1260670716509893,0.09211276852052647,,0.026691628424938628
1988-08-09,1,0.02995980156588971,-0.003994501564573094,,0.014642202893533546
1988-08-17,0,0.03652646242973736,0.008748847455216015,,0.027249840847271254
1988-09-21,0,-0.004677511434562669,-0.005399262366231488,,-0.009568001378260806
1988-11-02,0,0.02214169294308349,0.007565623589888413,,0.0
1988-11-07,1,0.03252471727997006,0.009627521246061935,,0.014278374189103852
1988-11-08,1,0.04218215883724969,0.01857068922412481,,0.007127401604178325
1988-12-15,0,0.0500856530654848,0.01133936062594287,,0.03169184638450006
1989-01-06,1,0.01337732215398382,-0.0209116688902411,,0.0
1989-01-09,1,0.003500260329111845,-0.03232830233685843,,0.0
1989-01-10,1,0.02226861198828509,-0.01196061557540748,,0.00488299959605286
1989-02-09,0,-0.01894648285666347,-0.06670473792430964,,-0.004815721278433631
1989-02-14,1,0.03911206538791163,-0.002105063577895222,,0.0
1989-02-23,1,0.08840998012765755,0.04279444320607055,,0.009875233124665674
1989-02-24,1,0.07443847193062349,0.02790578082948512,,0.03949088805322534
1989-02-24,1,-0.03491318962276233,-0.0814458807239007,,-0.004952415389065664
1989-03-29,0,-0.01321145685388759,-0.0428168178671836,,-0.014825199080831877
1989-05-17,0,-0.006700939895675034,-0.0189183999225747,,-0.0070889630765262985
1989-06-06,1,-0.04363976425636588,-0.05019781686512262,,-0.018235922260980992
1989-07-07,0,-0.02131138566008769,-0.02229608297337507,,-0.017782530487373056
1989-07-25,1,-0.01964032549094074,-0.01839354196586756,,-0.008870029303925595
1989-07-26,1,-0.005443436126552971,-0.00104273099541654,,-0.006638400883364713
1989-07-27,1,-0.006637480373079448,-0.003302117932160312,,0.0
1989-08-23,0,-0.01468981972934222,-0.01774948268218225,,-0.009081693585077344
1989-10-04,0,0.01325895756448667,-0.004632610328998874,,0.002264523647112324
1989-10-16,1,0.02573469886425696,0.02609100891454829,,0.006661662866610964
1989-10-19,1,0.01552012701234149,0.01657645489172956,,-0.00887680697730394
1989-11-07,1,-0.05965282163366185,-0.06571843952804352,,-0.03097086143275226
1989-11-08,1,0.01302472683102691,0.008713147305657244,,-0.004395975525315472
1989-11-09,1,0.04666699668786427,0.04424694893718422,,0.021939735015059175
1989-11-15,0,0.02516901411392014,0.02316963871538671,,0.010960487095088081
1989-12-20,0,-0.0203198527697526,-0.0286586753405414,,0.0021811867349964
1990-02-08,0,0.01989639356789762,0.01089662556454846,,0.01151067745110626
1990-03-28,0,-0.01592771614153128,-0.02596569596878664,,-0.009273420106182564
1990-05-16,0,-0.008308540542225176,0.01371810040119391,,-0.0093811527014652
1990-07-05,0,0.01569945267890317,0.02023835680989046,,0.0
1990-07-13,1,-0.02433746799218413,-0.02336597087743125,,-0.004605150581793292
1990-08-22,0,0.01285877279159492,0.03697720653008158,,-0.009521163565357224
1990-10-03,0,-0.0004929303649544765,-0.002169828581560062,,-0.00938118953574904
1990-10-29,1,0.0133687676982841,0.02384129772422998,,0.009320962041978452
1990-11-14,0,0.01415531155495307,0.01421384546987081,,0.013709259628248555
1990-11-15,0,0.01063913678350975,0.01076528140381739,,0.006848519362186788
1990-11-16,0,0.014334637221516,0.01674461276112241,,0.004539286527082385
1990-12-07,1,-0.01992090683559733,-8.370110483365417e-05,,-0.004466653445149593
1990-12-18,0,-0.1012497535013629,-0.08224327071889138,,-0.05106967392997211
1990-12-19,0,0.03660329357946709,0.05339594614218884,,0.011096858231038242
1991-01-08,1,-0.1011484978232677,-0.0926781429458266,-0.024491633128574455,-0.05855744505533535
1991-02-01,1,-0.04116878860341843,-0.01015579591082686,-0.016261449674379203,0.006617216557537016
1991-02-01,1,-0.0308479849503957,0.0001650077421958759,-0.004874834542277756,-0.008823662513611743
1991-02-07,0,0.003954111330165211,0.03365046506192637,-0.00324816011012866,0.0021921951633192462
1991-03-08,1,-0.05745761015394132,-0.04502500845780853,0.01961715647339158,-0.029307138700015615
1991-03-27,0,-0.01405123065462463,-0.000699955174766868,0.004910554466980882,-0.009043317710552477
1991-04-30,1,-0.1805148090255714,-0.1726252592914947,-0.1,-0.07824268968547575
1991-04-30,1,0.03650079906263417,0.04439034879671092,-0.008139362490733878,0.013394990857677425
1991-05-15,0,0.01793138042696034,0.03238534581820029,-0.004881817219104099,0.004504467393002742
1991-07-05,0,0.01821196177161846,0.04913540071969016,0.008195540490440124,0.022917141879562043
1991-08-06,1,-0.1117327739095466,-0.08818302556766736,-0.077,-0.03332814335659387
1991-08-21,0,0.02597266688199107,0.05160609559694285,0.0,0.004384817493502091
1991-09-13,1,0.01435174613291794,0.02755745863835133,0.004840857369674517,-0.0043346061178194525
1991-09-13,1,0.01760926564253505,0.03081497814796844,-0.003227467584016936,0.008686683668437294
1991-10-02,0,0.01677513233593125,0.02334779756549142,0.008033238064994178,0.0
1991-10-30,1,0.002173241027220809,0.01735964666800953,0.0047904011006455706,-0.0021344823708035767
1991-11-06,0,-0.09267046927858556,-0.0757705541045293,-0.093,-0.044973760850908165
1991-11-06,0,0.0233747721838448,0.04027468735790106,0.007968146462775808,0.008568313237756236
1991-12-06,1,0.02321737260011379,0.0628782251329374,0.00792213288192975,0.0
1991-12-18,0,0.01815705670472037,0.06368728411152141,0.00790701364646144,0.0
1991-12-20,1,-0.2871051202869114,-0.2401271022674902,-0.16550301491589972,-0.07263858217091103
1991-12-20,1,0.005298239543458197,0.0522762575628794,-0.007870517296096478,-0.002071115086797305
1992-02-06,0,0.006400662454748142,0.02049629324233254,0.0047360347016504436,-0.008363789237668161
1992-04-01,0,0.02739238740627633,0.02430913231895523,0.007994390644017569,0.0021572739556356265
1992-04-09,1,-0.2421526964537824,-0.2270709617805845,-0.15556260910966513,-0.04912985462462251
1992-05-20,0,0.03417866853771607,0.03316453257521648,0.03308912985982545,-0.008390967325941604
1992-07-02,0,0.04613228214240481,0.06878341624164795,0.02349568988312444,0.018544905913415198
1992-08-19,0,0.006373919200486274,0.002137745995616449,0.007743180376400931,0.003960597826086956
1992-09-04,1,-0.007754693469872179,0.02253774711565291,-0.00776244846178243,0.013883007431394529
1992-10-07,0,0.01677513233593125,0.02662036189979818,0.007746761829236056,0.00398835415595425
1992-11-18,0,0.01134511220617771,0.01619668555998073,0.010964091173515258,-0.002034460184140515
1992-12-23,0,0.002470931283280884,-0.002844573578154298,0.007852647167715662,-0.00203065347638289
1993-02-04,0,0.007344605895148132,0.002898561471646487,-0.0031081209685946917,0.003936699217397327
1993-03-24,0,0.008976631070062496,-0.01727818081502881,0.00464432226686403,0.011576403656549479
1993-05-19,0,-0.00938422019925325,-0.01343113977564839,-0.00541417772374055,-0.01931281909755761
1993-07-08,0,-0.005688719761247003,-0.009671062546218714,-0.010071896806935928,-0.00948739114284535
1993-08-18,0,0.0155372359237422,-0.002478578419912879,0.012365068456943488,0.009414497374859122
1993-09-22,0,0.002840635517640884,0.007436766502670023,0.010830513850708394,0.013073755867255907
1993-11-17,0,0.009130293369522494,-0.004668144019509955,0.0,-0.013106556025718525
1993-12-22,0,0.00590267676270758,-0.005911892620033679,0.0,0.0
1994-02-04,0,0.1603311701638023,0.1511793458992768,0.15176881180265453,0.09127432603781906
1994-03-22,0,-0.04566765928417223,-0.06800043755322338,-0.05781985508012905,-0.05817281003663816
1994-04-18,1,0.09964906385397734,0.07288012122397557,0.06383890770533446,0.05200353069745285
1994-05-17,0,-0.04738535258984095,-0.07331937169710798,-0.06410351397121083,-0.07084446184609791
1994-07-06,0,0.01006941963849252,-0.01498632751369259,0.008054732161761592,0.014872191011235955
1994-08-16,0,0.03238348287931032,0.005024376895865865,-0.01125866723124967,-0.037664809786412116
1994-09-27,0,-0.004705741326613156,-0.02131124704008059,0.0048660808807961045,0.028208382693067073
1994-11-15,0,0.04607161617574634,0.03301831652603948,0.008158758737555604,-0.008832449253836906
1994-12-20,0,0.006690741983437653,-0.02867879827012736,0.008264830508474577,0.015435663555624585
1995-02-01,0,0.06462034756732597,0.03846769061118067,0.04916159101742492,0.02164941183108127
1995-03-28,0,0.03261865734110173,0.002988777209888473,0.016233786860077294,0.01467769058295964
1995-05-23,0,0.002275735544053733,-0.005929147897029269,0.00802064038105319,0.006008474576271187
1995-07-06,0,-0.2448543245074993,-0.2345539180369616,-0.20308449288397443,-0.14257693795237306
1995-08-22,0,0.06419092109463781,0.06040429125352414,0.03365811061127282,0.020076468543621828
1995-09-26,0,0.07646694459415931,0.06097726410150092,0.047930359316293594,0.03359350089418158
1995-11-15,0,0.0446677657241253,0.03203722531022018,0.029354002433733664,0.017367476532302598
1995-12-19,0,-0.02822508808815355,-0.03569113925868483,-0.03955880019044596,-0.020957828004410144
1996-01-31,0,-0.03027095218841522,-0.03902427233180614,-0.04241273535011635,-0.014953745642208131
1996-03-26,0,0.03644589399573608,-0.007509404239042047,0.02072278956558548,0.011865384082277605
1996-05-21,0,0.02330649548981578,0.01805008748513987,0.008006456392887384,0.022198407838334353
1996-07-03,0,-0.0216761137714388,-0.03917004587457271,-0.024137511247552004,-0.00406734091162376
1996-08-20,0,0.01161356076244262,0.009626502648373707,0.0,0.007994388343311155
1996-09-24,0,-0.075589047861226,-0.08734424675921462,-0.05791479227308812,-0.026494404259174088
1996-11-13,0,-0.01052335937888039,-0.02657345155016257,-0.018314725646859622,-0.01762003597620036
1996-12-17,0,0.008603348503010144,-0.000592175766584567,0.005,0.009931770905560949
1997-02-05,0,0.01497357478889265,-0.0178051398425845,0.02237021749484045,0.019846269112301248
1997-03-25,0,0.07571852120194786,0.0485711891891408,0.07257859637980311,0.04900234414243456
1997-05-20,0,-0.05337591598954187,-0.06521447085547605,-0.04502461229026624,-0.01622314130147192
1997-07-02,0,0.008298500569219396,0.002809945102059683,-0.0160375760783276,-0.0060083922691083905
1997-08-19,0,0.01271669295291974,0.001658422326710183,0.007982855328606202,0.011836878941168319
1997-09-30,0,0.004182668057805434,-0.009710233662765286,0.0,0.005894034232537529
1997-11-12,0,-0.02121557695681997,-0.03268107261037935,-0.02550452404889148,-0.019391955356649535
1997-12-16,0,0.002389822905700398,-0.02196198044873401,-0.00796338430604794,-0.003849856559638089
1998-02-04,0,0.02790705192919181,0.01262962911887575,0.018989049357244884,0.005678944399345065
1998-03-31,0,0.009423558842528426,-0.008018462366565041,0.0,0.0
1998-05-19,0,-0.007723111263776302,-0.01248512566239917,-0.0159005291005291,-0.009583206948848752
1998-07-01,0,0.01298203402831142,0.008887905954196067,0.0,0.0018840141338869565
1998-08-18,0,0.008976631070062496,0.01822087148357627,0.0,0.0018752060213163388
1998-09-29,0,0.03040011160420444,0.04702237055310335,0.0031180731810490693,0.0
1998-10-15,1,-0.276120491104476,-0.2394725252651965,-0.20926826689224912,-0.10393266066523431
1998-11-17,0,-0.01477660211274323,-0.01389520140948844,0.018754627181385514,-0.008972435521488291
1998-12-22,0,0.01043048994136227,0.005196052538637874,0.003123479640401904,0.0
1999-02-03,0,0.01145616117871161,-0.007983637841084823,0.01880685424159086,0.012659193927147617
1999-03-30,0,-0.01719127592082297,-0.03707533451128145,-0.03151697873690892,-0.0074738936535162954
1999-05-18,0,0.1243420397592432,0.1097715007229528,0.1100782985927415,0.09379765860923042
1999-06-30,0,-0.1006640187284778,-0.09625191255492853,-0.1123968253968254,-0.0743290677427379
1999-08-24,0,0.006897206258516996,-0.02214631910981931,0.0,-0.011701603982300886
1999-10-05,0,0.09053372896903208,0.08504634970915093,0.0878340477324443,0.054387279387279386
1999-11-16,0,0.07821227977211874,0.05696663791237466,0.06705826321638356,0.03718454531611225
1999-12-21,0,0.04433351815130682,0.02001160415368828,0.049910019583972905,0.04274180100055587
2000-02-02,0,0.01088644403369438,-0.02418573121141394,0.033110890468227426,0.04320139053488188
2000-03-21,0,0.004873630242199996,0.002724860616207213,0.016508699514081196,-0.0031659543225738785
2000-05-16,0,0.06537228121281524,0.0430235954806123,0.04149934674679906,0.028954949029924366
2000-06-28,0,-0.02189004964918144,-0.02463301681730549,-0.03712404639983279,-0.01150527350147396
2000-08-22,0,0.02374059157873025,0.0257362585682958,0.0032824451410658306,0.00716326503963124
2000-10-03,0,0.05305644536045862,0.05451151154396332,0.045724285639659405,0.03365620594224845
2000-11-15,0,0.014257806071786,0.01774243394402763,-0.006521103217718345,-0.010056389753473895
2000-12-19,0,0.03148683377843785,0.0488416513963931,0.024168581575099227,0.02131980353278125
2001-01-03,1,-0.1265890432522328,-0.1029449265679224,0.02400845864661654,0.0544728393143804
2001-01-31,0,-0.002335478442302016,0.008940595211028992,0.003990706901952595,0.011548621621971256
2001-03-20,0,-0.06603207423940997,-0.02783229760568815,-0.04521114997128987,-0.018931293771684312
2001-04-18,1,-0.2825319946005803,-0.2319531062846787,-0.1383880565850603,-0.02138374545501598
2001-05-15,0,-0.1292980842008815,-0.07498685280250139,-0.10002088118605136,-0.032410990209572284
2001-06-27,0,0.08620108012999529,0.1101178921009752,0.051480244271621685,0.010679494655004859
2001-08-21,0,-0.02763526133477282,0.0005336594537936959,-0.03145556077448985,-0.0018942640301512726
2001-10-02,0,-0.05415452480987873,-0.003373737071128147,-0.0464769407345576,0.005516381537512371
2001-11-06,0,-0.1531780670932776,-0.09235068069572382,-0.09990089714166493,-0.034138841196217615
2001-12-11,0,-0.0617808477028863,-0.001627546700758167,-0.07418614357262104,-0.039448047753171914
2002-01-30,0,0.03655570412953225,0.05326018565346504,-0.015542627569654598,-0.0066423451927423004
2002-03-19,0,-0.06075416465779229,-0.07426141032450022,-0.058383342900380934,-0.03633819604591506
2002-05-07,0,-0.03636059712963961,-0.03013563213181957,-0.023344464155274965,-0.016216705222482135
2002-06-26,0,0.02088668761949472,0.04818044197313411,0.0030972874282733437,0.010227436637131672
2002-08-13,0,-0.110570643596229,-0.0762752976072731,-0.09151499348109518,-0.04771013826062511
2002-09-24,0,-0.003916403914003574,0.007828838628495975,-0.019779944725452366,-0.012911156972152156
2002-11-06,0,-0.07464308822348688,-0.08676335827914461,-0.08646295040934454,-0.05503530523385727
2002-12-10,0,0.02948884165343439,0.04413351536448255,0.015258382437294675,0.00885678905172854
2003-01-29,0,0.0599567239937267,0.06561707770620936,0.04547843771184231,0.03859465396355092
2003-03-18,0,0.007696581798737435,0.03920253688454216,-0.013668265721138806,-0.01743180051730948
2003-05-06,0,-0.08542451558506801,-0.08544372192909455,-0.0876016684045881,-0.04582155319528285
2003-06-25,0,0.1454273113711813,0.1355152211490497,0.08191533729538107,0.03163724955271606
2003-08-12,0,-0.03056888727764746,-0.02116740475956509,-0.05120502659297111,-0.03120848743905092
2003-09-16,0,0.004401658522000001,0.02429243156557589,-0.011379040667361834,-0.008028097062579821
2003-10-28,0,-0.08265420806491734,-0.1070057137341867,-0.10635657297804663,-0.07448787905894981
2003-12-09,0,0.04343873382200487,0.02829649394227574,0.05539737171464331,0.08774113493322418
2004-01-28,0,0.1519061173826187,0.1409710496083244,0.20491709250182502,0.16362148546879596
2004-03-16,0,-0.05649664469607896,-0.07324810131363424,-0.07572613026020754,-0.06254572241414347
2004-05-04,0,0.008122202907740314,-0.02642790972825958,0.0,0.009984085221074248
2004-06-30,0,-0.01248962174258432,-0.01321237031367807,0.0,0.022070410406035912
2004-08-10,0,0.05554833528849398,0.06959608292299077,0.04806217724688331,0.020484102196508116
2004-09-21,0,-0.01138875058261853,-0.01618539541679602,-0.015404235343208846,-0.025567268179381812
2004-11-10,0,-0.02073979987293469,-0.05981742048004427,-0.030945325542570956,-0.02586414379352724
2004-12-14,0,-0.004692132284460252,-0.02041286251336023,-0.011658493322203672,-0.012444969960373257
2005-02-02,0,-0.01065143778702685,-0.02702586297339254,-0.01755009392611146,-0.018700008958394656
2005-03-22,0,0.08966406053744344,0.06368093118696994,0.08073169458796513,0.09043414464623582
2005-05-03,0,0.02857297016585231,0.01911392035641188,0.02551223840091853,0.005386281218365177
2005-06-30,0,0.05958974523589294,0.05543219314958431,0.04317973071704415,0.005280613222612585
2005-08-09,0,-0.008525514809080582,-0.033920382276034,-0.01583307234575634,-0.01823573207363097
2005-09-20,0,0.02752840085075491,0.01317739075710647,0.021708857456025885,0.0018101205807352734
2005-11-01,0,0.01542314856209553,-0.004003753381632153,0.0099389193422083,0.002781453543753057
2005-12-13,0,-0.01892253019246445,-0.04093190657354367,-0.023875026101482563,-0.01577498134280347
2006-01-31,0,0.04173500403379169,0.02806025771686225,0.03583241973375098,0.03152326404530536
2006-03-28,0,0.05946041760497982,0.0477093677554792,0.05596512295723907,0.04150074198335377
2006-05-10,0,0.06664665647831952,0.05323660542294224,0.05214035820583782,0.03747105021413137
2006-06-29,0,-0.03334890119829725,-0.03017627238828417,-0.04029453235155883,-0.01358195808181559
2006-08-08,0,-0.02471486984785438,-0.02579828283542424,-0.03405910609857978,-0.00852952189126028
2006-09-20,0,0.02794546750405681,0.02860316722128245,0.01997702589807853,0.01124052786226094
2006-10-25,0,-0.001475289380219464,-0.003963839960290805,-0.008009085213032582,-0.01413370135816641
2006-12-12,0,-0.02585093460954916,-0.04041995585594996,-0.0517562911141276,-0.03042153181420709
2007-01-31,0,-0.0006781748705103508,-0.004185234447026401,-0.00801639515455305,-0.011345704662476933
2007-03-21,0,-0.08959540071858371,-0.07334617458600944,-0.08158183241973375,-0.04161905497220506
2007-05-09,0,0.05027431796450117,0.04595318636465364,0.0419067509006422,0.021403454538428842
2007-06-28,0,0.02437602927685786,0.008689827703031418,0.02204010234452509,0.007677072148410717
2007-08-07,0,-0.01016523760530509,0.01247616256392795,-0.03979378752283999,-0.008415388581002707
2007-08-10,1,0.01287588170299687,0.03888509960415445,0.003975150091359959,-0.010289894302655323
2007-08-17,1,-0.02814747382500353,0.0110739003476249,-0.017806545910111188,0.01293589314666598
2007-09-18,0,-0.1727118035008592,-0.1352613369036928,-0.11643092019416461,-0.01556354300385109
2007-10-31,0,0.08634961976358908,0.09125807486711782,0.08459290187891441,0.044581546442053366
2007-12-11,0,0.08160096932210895,0.1012515266716567,-0.11841185370689204,-0.06702604080278653
2008-01-22,1,-0.0848106826266895,-0.04598409382744566,-0.01143214770001043,0.01769613694663856
2008-01-30,0,-0.1055680869849384,-0.07024156191821429,-0.02872111823919053,0.009413127609736225
2008-03-11,1,0.089855598468189,0.1091013192499562,0.11964853731031964,0.07263213973134441
2008-03-18,0,0.03313650780833365,0.05905612216218423,-0.009468140577745334,-0.02316519274806746
2008-04-30,0,-0.0651725045966963,-0.06277227691133952,-0.01728040892968913,0.0
2008-06-25,0,-0.04977840580952502,-0.05562776042545482,-0.06595200834637453,-0.014202409268779253
2008-08-05,0,-0.0191299381958742,0.00472262221219209,-0.007692347817015283,0.01041435512874469
2008-09-16,0,0.103027269644867,0.1607025843102677,0.08351585314977054,0.0317982400527477
2008-10-08,1,0.01658071395530554,0.1127973316985295,0.03214632111383428,0.03473233295511047
2008-10-29,0,-0.04698500987771537,0.06882918671767962,-0.06237355302951299,-0.06254706986124763
2008-12-16,0,-0.2495409644351183,-0.1195047378879351,-0.12385866166353972,-0.11845437126648382
2009-01-28,0,-0.0006330734820798845,0.02758331527722269,-0.009344766472060048,0.014277252678008822
2009-03-18,0,-0.05812454019834649,-0.02669843195218831,-0.07501563803169307,-0.29574281049855583
2009-04-29,0,0.02611521858483146,0.03476349849040419,0.02997341396027733,0.0642843594704298
2009-06-24,0,0.05491943584872819,0.06010650546473328,0.04905437105770735,0.08447695758564437
2009-08-12,0,-0.005978867369350781,0.005948560131932315,-0.005648297794692665,0.023164057528318696
2009-09-23,0,-0.09863125845306203,-0.0963890124851424,-0.09207151793160967,-0.06272282574169366
2009-11-04,0,-0.01299005780397804,0.0007028995507070996,-0.037444091122347915,0.013469890534122368
2009-12-16,0,0.01512973553388595,0.006268429902530792,0.009372426374771958,0.029572033790811535
2010-01-27,0,0.03805560811759291,0.06618308554029795,0.052364072355731636,0.03198480845442536
2010-03-16,0,-0.0306178735055526,-0.01845404861211512,-0.04315366972477064,-0.025373210050353236
2010-04-28,0,0.001095152784477755,0.0006589837417751872,-0.007501303305181941,0.0059362048361260135
2010-06-23,0,0.01559089176787364,0.02876572274298416,-0.007451266548524966,-0.006517331175890578
2010-08-10,0,-0.01618372540262027,-0.01058775061792081,-0.011145567311200293,-0.06064309086332746
2010-09-21,0,-0.002157697108913052,-0.0197857854098245,-0.01299718574108818,-0.014951214605441835
2010-11-03,0,0.005789649284985735,-0.007698665997225885,-0.005552428601209089,0.01548926014319809
2010-12-14,0,0.00517070107889121,-0.006553881205525279,-0.011177421036172207,0.003301523819166709
2011-01-26,0,-0.002519239275948007,-0.007124744323667906,-0.03162774940060461,0.0016444078739160707
2011-03-15,0,0.01577372768771453,0.003165068702968454,0.029771199249491846,0.025389543920840127
2011-04-27,0,-0.002546691809397052,-0.02592868204445226,-0.02046440112582091,-0.015597630739634485
2011-06-22,0,0.01396011581572592,0.02178954219682964,0.016679174484052532,0.02144405788332577
2011-08-09,0,-0.0115449982215514,-0.008492975482646273,-0.09418447107868683,-0.056948702867082986
2011-09-21,0,0.06993551336086035,0.0637589553476803,0.03876595966439105,0.000747246159610341
2011-11-02,0,0.0233082846561619,0.01891459902409567,0.016622544165928396,0.012752970606629142
2011-12-13,0,0.01747464897602678,0.01758106446185165,0.001845119599770702,-0.005987581054236061
2012-01-25,0,-0.01162951957444135,-0.03493277817520037,-0.020289734236581553,-0.04928304434248853
2012-03-13,0,0.02150466746481436,-0.009290356601912141,0.009249048934285267,0.03675687167045995
2012-04-25,0,0.01298203402831142,0.00144703561831885,0.0,0.010377035667898892
2012-06-20,0,0.02865960499404993,0.03419656427628288,0.024030434102871437,-0.013879442430584104
2012-08-01,0,0.02274299229419881,0.01051198305885582,0.018456407316691854,0.026042224574951735
2012-09-13,0,0.02396751707925693,-0.006768331510817065,0.027693991349210485,0.06540507543385367
2012-10-24,0,0.008949178536613452,-0.006970015570224778,-0.0036961279899942676,-0.006628812459441921
2012-12-12,0,0.004068389693985323,-0.0120752441515516,0.0,0.013877464542984622
2013-01-30,0,0.005787240699270753,-0.01352328429286074,-0.005542758872270571,-0.008937621832358675
2013-03-20,0,0.01165991137363973,-0.01230136156500715,-0.0018472562405544843,-0.004458311470904231
2013-05-01,0,0.007611815612675321,0.0005124822930320828,0.003690151120375195,0.010196415663401381
2013-06-19,0,0.01085611105036515,-2.811761798215441e-05,0.02032727083224764,0.05544279403851689
2013-07-31,0,0.005829933501986241,0.004908152801415045,-0.005545364531762988,-0.0256956920486953
2013-09-18,0,-0.003920061722485202,-0.00964338726904775,-0.037025379123456145,-0.11267177490265042
2013-10-30,0,0.008827785942032457,-0.01138816765403852,0.005541716608473604,0.036825727442689186
2013-12-18,0,0.01185510711286688,-0.01395830649083465,-0.011100109437698681,-0.004744129890709695
2014-01-29,0,0.00836436867753344,0.011259099734993,-0.0018496977277465082,-0.007050087398297306
2014-03-19,0,0.02548771592303596,0.004323255199339258,0.06117886178861788,0.06108447531679817
2014-04-30,0,0.01158548880962471,-0.006480305573418414,0.0037037731915780694,0.006333148628567111
2014-06-18,0,0.01671354145546769,0.01169381582373922,0.016710444027517198,0.008706807600352334
2014-07-30,0,0.002534390805879948,-0.002773696290569921,-0.007427424818887789,-0.011049994334562944
2014-09-17,0,0.02477785566089332,0.03728890836242925,0.037216865586073906,0.028508114777835134
2014-10-29,0,0.03305929168837803,0.04773308619697925,0.04077552509511649,0.034939320083419184
2014-12-17,0,-0.05302908156634407,-0.04034868037016188,-0.07254390993902123,-0.02846153846153846
2015-01-28,0,-0.001396589588353958,0.01882919882907142,-0.0129853546672226,-0.014270171577209745
2015-03-18,0,-0.0647727916879685,-0.05536050118368419,-0.08195747342088806,-0.05277718636893058
2015-04-29,0,0.005653635840507159,0.01830849215075929,-0.0018568301454109555,-0.0015250222461742845
2015-06-17,0,-0.03806704486856898,-0.05107212023630499,-0.05033199562203576,-0.05311209050614633
2015-07-29,0,-0.003377944666120677,0.02025825937948116,-0.014880120921505265,-0.016247237291541088
2015-09-17,0,-0.05824531337355863,-0.03665455670911526,-0.05404982799958303,-0.03779458428967403
2015-10-28,0,0.05324370606335366,0.06299781216505018,0.0595121442718649,0.03050902708124373
2015-12-16,0,0.02867484526331637,0.03898968066254326,-0.005616659716430358,-0.019496689407359945
2016-01-27,0,-0.02295904349264405,-0.007820052269825304,-0.03732082356007298,-0.02283888749686795
2016-03-16,0,-0.08244695800074016,-0.08486062367759448,-0.09351055512118844,-0.06850198474811857
2016-04-27,0,0.01805090437940582,0.0007382747196882644,0.014923638259056555,0.00453011776779345
2016-06-15,0,-0.03957642822613571,-0.04198971187714604,-0.05024809757114563,-0.027337761242477963
2016-07-27,0,0.01551646920385862,0.003364526510143054,0.005585322631085166,-0.006625575505009546
2016-09-21,0,-0.0231420269676886,-0.01897479624846609,-0.04478186082877248,-0.032159812103343156
2016-11-02,0,0.01154279600690923,0.01294176310893675,0.005596038571800887,0.0030058179543321867
2016-12-14,0,0.04684785985733802,0.03802928969860147,0.06770409759149203,0.06354795228077247
2017-02-01,0,-0.01396160133303073,-0.01082978533163694,-0.028195610239299305,-0.009510938700454677
2017-03-15,0,-0.05097470070253263,-0.0447768683037415,-0.06981387831708462,-0.051878392504061566
2017-05-03,0,0.02082081951118068,0.03870623611876857,0.013167196705072728,0.01486297838089369
2017-06-14,0,0.02853027736313682,0.033922699169138,0.030108440644387675,0.013120927955409936
2017-07-26,0,-0.003393184935387119,-0.01496316236373322,-0.020718978102189776,-0.015617733197581607
2017-09-20,0,0.0580400776613257,0.0633097970209989,0.04716214807090719,0.03743906116499975
2017-11-01,0,0.01363698922355597,0.02030527831291965,0.0037841276462613413,0.004718320495393446
2017-12-13,0,0.0008240942562954919,-0.00164149079603168,-0.015208322469625071,-0.015024230599786016
2018-01-31,0,0.01624584696311818,0.003413748163650423,0.00955512673411912,0.013823172581134366
2018-03-21,0,0.003555165396009934,0.0003591184391523046,-0.007675376832003338,0.01897549547267777
2018-05-02,0,0.001820253315886828,0.01765145357524915,-0.009611913828177977,-0.011601241763811453
2018-06-13,0,0.02887292145242371,0.02668415018402907,0.04236607375723749,0.02987455651292448
2018-08-01,0,0.00445656358889809,0.005908842107191347,0.0,-0.004152627242187996
2018-09-26,0,0.004526708925062622,0.008590342533933978,-0.005803119620220147,-0.003341577879249112
2018-11-08,0,0.01681113932508126,0.01999799437100521,0.0077518651849533046,0.005895403919178064
2018-12-19,0,0.02965432382870117,0.06176948451975296,0.0038510693792383932,-0.015529387956439801
2019-01-30,0,-0.01963239045460708,-0.007441497044599557,-0.04325804600698972,-0.024316028798787418
2019-03-20,0,-0.0270331950090872,-0.006658895019254148,-0.06038493636553307,-0.0480375577374492
2019-05-01,0,-0.03738035991202492,-0.03294661528547486,-0.05066291138580295,-0.02462527576426095
2019-06-19,0,-0.07928804816848131,-0.04348478099501456,-0.07487615372581738,-0.04156150726384651
2019-07-31,0,0.005759788165821709,0.00543711837625302,-0.000949363788068419,-0.0007700908543318944
2019-09-18,0,0.04444573687081797,0.05202630179024741,0.0350075611409501,0.023403828806254384
2019-10-11,1,0.004199776969207382,0.01880117201605413,-0.0085102721868808,-0.0015049242282038767
2019-10-30,0,0.02411208497943648,0.03231055613072271,0.010408280321201377,-0.0007552957083479392
2019-12-11,0,0.005068825981427146,0.00803695015798992,-0.007565439566169569,-0.0045457619053581935
2020-01-29,0,0.01363698922355597,0.02509770456303355,0.0028292492179353493,-0.003730643770387312
2020-03-03,1,-0.1433056674664805,,-0.08573364607766483,-0.043861808326806646
2020-03-15,1,-0.2128820585527473,,-0.1688486996403815,-0.1333698071447223
2020-03-19,1,-0.03241048420851439,,-0.01295512586647209,-0.028062252743151453
2020-03-23,1,-0.02404708296905838,,-0.014775380446112154,-0.05548002976928802
2020-03-31,1,-0.006326566045089596,,-0.003695033613007452,0.0006985333316802837
2020-04-29,0,0.002900210200765392,,0.0046184272239303764,0.012541830891648696
2020-06-10,0,0.005068825981427146,,-0.01106884152378967,-0.014711059325185315
2020-07-29,0,0.001569533090392728,,-0.0027645127670661803,-0.007619141979589814
2020-08-27,1,0.007937779207755673,,-0.0027655028660760815,-0.00902642472918371
2020-09-16,0,0.00836436867753344,,0.0,0.004160845223939754
2020-11-05,0,0.005696328643222645,,-0.0018435122459614381,0.001394501326325706
2020-12-16,0,0.009631586265307038,,0.0027640437727983326,0.017576584397866798
2021-01-27,0,0.006378736371916232,0.03138378980538768,0.0,0.0
2021-03-17,0,0.0004597150863501408,-0.004768553937906245,-0.018439291297550807,-0.02365159713737127
2021-04-28,0,0.005764065393672197,-0.001936165364172844,-0.002766805627931214,-0.001479271474402986
2021-06-16,0,0.02840219895499036,-0.02436084170422365,0.027684731631057842,0.054514720558882235
2021-07-28,0,0.01010355798550703,-0.03830446057708324,0.007382875605815832,0.010143099110767927
2021-09-22,0,0.00818138520248889,0.02099629588744711,0.002772265360362708,0.0007310934849845355
2021-11-03,0,0.01473218637770097,0.007773794789990324,0.011139313076562254,0.014951682064232225
2021-12-15,0,0.05750651506066214,0.06645982303239956,0.032672261023663086,0.01795688847235239
2022-01-26,0,0.002436792936266372,-0.0006532595794417691,-0.0009374934834740904,0.012246759601992547
2022-03-16,0,0.1380725519334621,0.08118209511187358,0.11754276178556529,0.05073354405671901
2022-05-04,0,-0.02309933416497311,-0.04680882979982467,-0.041631279670301,-0.02090691276954477
2022-06-15,0,0.09362644638401534,0.08070659554387212,0.04410905296112705,0.018190733335031458
2022-07-27,0,0.01011879825477347,0.00064612993623046,0.0029129232535086346,0.00164683845491824
2022-09-21,0,0.1345516280700031,0.1184250921823904,0.096972702124328,0.023686664197310105
2022-11-02,0,-0.07880877121534698,-0.08162017576612529,-0.09282096799457004,-0.047881415724859856
2022-12-14,0,0.0906897317747928,0.07899419882741279,0.07322509918563375,0.030436058379261072
2023-02-01,0,0.025870791784527,0.00759644699950579,0.022807328913713003,0.01126732572360375
2023-03-22,0,-0.05988309944823337,-0.0561336882111166,-0.08984236350349724,-0.0330676985556109
2023-05-03,0,0.03140019895024024,0.05028748871022065,0.009864293543504358,0.012003259402612616
2023-06-14,0,0.09786361082874621,0.08055814252297583,0.11574770258980785,0.054933254834704924
2023-07-26,0,0.0141242012130224,0.00128037421987261,0.004019215706751606,0.0
2023-09-20,0,0.08688559094996762,0.08675408195851157,0.0714293174578307,0.036750488532345985
2023-11-01,0,-0.006228968175476019,0.006847026559492148,-0.015098172323759792,-0.008502528901734105
2023-12-13,0,-0.08186079481065965,-0.05692176943725888,-0.13741777174480527,-0.08011426229088206
