date,label,sentence
2004-06-30,0,"Nonetheless, the Committee will respond to changes in economic prospects as needed to fulfill its obligation to maintain price stability. """
2004-08-10,0,"Nonetheless, the Committee will respond to changes in economic prospects as needed to fulfill its obligation to maintain price stability. """
2004-09-21,1,"With underlying inflation expected to be relatively low, the Committee believes that policy accommodation can be removed at a pace that is likely to be measured."
2004-09-21,0,"Nonetheless, the Committee will respond to changes in economic prospects as needed to fulfill its obligation to maintain price stability. """
2004-11-10,1,"With underlying inflation expected to be relatively low, the Committee believes that policy accommodation can be removed at a pace that is likely to be measured."
2004-11-10,0,"Nonetheless, the Committee will respond to changes in economic prospects as needed to fulfill its obligation to maintain price stability. """
2004-12-14,1,"With underlying inflation expected to be relatively low, the Committee believes that policy accommodation can be removed at a pace that is likely to be measured."
2004-12-14,0,"Nonetheless, the Committee will respond to changes in economic prospects as needed to fulfill its obligation to maintain price stability. """
2005-02-02,1,"With underlying inflation expected to be relatively low, the Committee believes that policy accommodation can be removed at a pace that is likely to be measured."
2005-02-02,0,"Nonetheless, the Committee will respond to changes in economic prospects as needed to fulfill its obligation to maintain price stability. """
2005-03-22,0,"Nonetheless, the Committee will respond to changes in economic prospects as needed to fulfill its obligation to maintain price stability. """
2005-05-03,0,"Nonetheless, the Committee will respond to changes in economic prospects as needed to fulfill its obligation to maintain price stability. """
2005-06-30,0,"Nonetheless, the Committee will respond to changes in economic prospects as needed to fulfill its obligation to maintain price stability. """
2005-08-09,0,"Nonetheless, the Committee will respond to changes in economic prospects as needed to fulfill its obligation to maintain price stability. """
2005-09-20,0,"Nonetheless, the Committee will respond to changes in economic prospects as needed to fulfill its obligation to maintain price stability. """
2005-11-01,0,"Nonetheless, the Committee will respond to changes in economic prospects as needed to fulfill its obligation to maintain price stability. """
2006-06-29,1,"The extent and timing of any additional firming that may be needed to address these risks will depend on the evolution of the outlook for both inflation and economic growth, as implied by incoming information."
2006-08-08,1,"The extent and timing of any additional firming that may be needed to address these risks will depend on the evolution of the outlook for both inflation and economic growth, as implied by incoming information."
2006-09-20,1,"The extent and timing of any additional firming that may be needed to address these risks will depend on the evolution of the outlook for both inflation and economic growth, as implied by incoming information."
2006-10-25,1,"The extent and timing of any additional firming that may be needed to address these risks will depend on the evolution of the outlook for both inflation and economic growth, as implied by incoming information."
2006-12-12,1,"The extent and timing of any additional firming that may be needed to address these risks will depend on the evolution of the outlook for both inflation and economic growth, as implied by incoming information."
2007-01-31,1,"The extent and timing of any additional firming that may be needed to address these risks will depend on the evolution of the outlook for both inflation and economic growth, as implied by incoming information."
2008-04-30,1,"The Committee will continue to monitor economic and financial developments and will act as needed to promote sustainable economic growth and price stability. """
2008-06-25,1,"The Committee will continue to monitor economic and financial developments and will act as needed to promote sustainable economic growth and price stability. """
2008-08-05,1,"Economic activity expanded in the second quarter, partly reflecting growth in consumer spending and exports."
2008-08-05,1,"The Committee will continue to monitor economic and financial developments and will act as needed to promote sustainable economic growth and price stability. """
2009-03-18,-1,"Although the near-term economic outlook is weak, the Committee anticipates that policy actions to stabilize financial markets and institutions, together with fiscal and monetary stimulus, will contribute to a gradual resumption of sustainable economic growth."
2010-01-27,0,"While bank lending continues to contract, financial market conditions remain supportive of economic growth."
2010-03-16,0,"While bank lending continues to contract, financial market conditions remain supportive of economic growth."
2010-04-28,0,"While bank lending continues to contract, financial market conditions remain supportive of economic growth."
2010-08-10,-1,"Household spending is increasing gradually, but remains constrained by high unemployment, modest income growth, lower housing wealth, and tight credit."
2010-09-21,-1,"Household spending is increasing gradually, but remains constrained by high unemployment, modest income growth, lower housing wealth, and tight credit."
2010-11-03,-1,"Household spending is increasing gradually, but remains constrained by high unemployment, modest income growth, lower housing wealth, and tight credit."
2010-11-03,-1,"Consistent with its statutory mandate, the Committee seeks to foster maximum employment and price stability."
2010-12-14,-1,"Consistent with its statutory mandate, the Committee seeks to foster maximum employment and price stability."
2011-01-26,-1,"Consistent with its statutory mandate, the Committee seeks to foster maximum employment and price stability."
2011-03-15,-1,"Consistent with its statutory mandate, the Committee seeks to foster maximum employment and price stability."
2011-03-15,0,"The Committee expects these effects to be transitory, but it will pay close attention to the evolution of inflation and inflation expectations."
2011-04-27,-1,"Consistent with its statutory mandate, the Committee seeks to foster maximum employment and price stability."
2011-04-27,0,"The Committee expects these effects to be transitory, but it will pay close attention to the evolution of inflation and inflation expectations."
2011-04-27,-1,The Committee will regularly review the size and composition of its securities holdings in light of incoming information and is prepared to adjust those holdings as needed to best foster maximum employment and price stability.
2011-06-22,-1,"Consistent with its statutory mandate, the Committee seeks to foster maximum employment and price stability."
2011-08-09,0,Longer-term inflation expectations have remained stable.
2011-08-09,-1,"Consistent with its statutory mandate, the Committee seeks to foster maximum employment and price stability."
2011-09-21,0,Longer-term inflation expectations have remained stable.
2011-09-21,-1,"Consistent with its statutory mandate, the Committee seeks to foster maximum employment and price stability."
2011-11-02,0,Longer-term inflation expectations have remained stable.
2011-11-02,-1,"Consistent with its statutory mandate, the Committee seeks to foster maximum employment and price stability."
2011-12-13,-1,"Consistent with its statutory mandate, the Committee seeks to foster maximum employment and price stability."
2011-12-13,0,"The Committee also anticipates that inflation will settle, over coming quarters, at levels at or below those consistent with the Committee's dual mandate."
2012-01-25,-1,"Consistent with its statutory mandate, the Committee seeks to foster maximum employment and price stability."
2012-01-25,-1,"In particular, the Committee decided today to keep the target range for the federal funds rate at 0 to 1/4 percent and currently anticipates that economic conditions--including low rates of resource utilization and a subdued outlook for inflation over the medium run--are likely to warrant exceptionally low levels for the federal funds rate at least through late 2014."
2012-03-13,0,Longer-term inflation expectations have remained stable.
2012-03-13,-1,"Consistent with its statutory mandate, the Committee seeks to foster maximum employment and price stability."
2012-03-13,-1,"In particular, the Committee decided today to keep the target range for the federal funds rate at 0 to 1/4 percent and currently anticipates that economic conditions--including low rates of resource utilization and a subdued outlook for inflation over the medium run--are likely to warrant exceptionally low levels for the federal funds rate at least through late 2014."
2012-04-25,-1,"Consistent with its statutory mandate, the Committee seeks to foster maximum employment and price stability."
2012-04-25,-1,"In particular, the Committee decided today to keep the target range for the federal funds rate at 0 to 1/4 percent and currently anticipates that economic conditions--including low rates of resource utilization and a subdued outlook for inflation over the medium run--are likely to warrant exceptionally low levels for the federal funds rate at least through late 2014."
2012-06-20,-1,"Consistent with its statutory mandate, the Committee seeks to foster maximum employment and price stability."
2012-06-20,-1,"In particular, the Committee decided today to keep the target range for the federal funds rate at 0 to 1/4 percent and currently anticipates that economic conditions--including low rates of resource utilization and a subdued outlook for inflation over the medium run--are likely to warrant exceptionally low levels for the federal funds rate at least through late 2014."
2012-08-01,-1,"Consistent with its statutory mandate, the Committee seeks to foster maximum employment and price stability."
2012-08-01,-1,"In particular, the Committee decided today to keep the target range for the federal funds rate at 0 to 1/4 percent and currently anticipates that economic conditions--including low rates of resource utilization and a subdued outlook for inflation over the medium run--are likely to warrant exceptionally low levels for the federal funds rate at least through late 2014."
2012-09-13,0,Longer-term inflation expectations have remained stable.
2012-09-13,-1,"Consistent with its statutory mandate, the Committee seeks to foster maximum employment and price stability."
2012-09-13,-1,"If the outlook for the labor market does not improve substantially, the Committee will continue its purchases of agency mortgage-backed securities, undertake additional asset purchases, and employ its other policy tools as appropriate until such improvement is achieved in a context of price stability."
2012-10-24,0,Longer-term inflation expectations have remained stable.
2012-10-24,-1,"Consistent with its statutory mandate, the Committee seeks to foster maximum employment and price stability."
2012-10-24,-1,"If the outlook for the labor market does not improve substantially, the Committee will continue its purchases of agency mortgage-backed securities, undertake additional asset purchases, and employ its other policy tools as appropriate until such improvement is achieved in a context of price stability."
2012-12-12,-1,"Although the unemployment rate has declined somewhat since the summer, it remains elevated."
2012-12-12,-1,"Inflation has been running somewhat below the Committee's longer-run objective, apart from temporary variations that largely reflect fluctuations in energy prices."
2012-12-12,0,Longer-term inflation expectations have remained stable.
2012-12-12,-1,"Consistent with its statutory mandate, the Committee seeks to foster maximum employment and price stability."
2012-12-12,-1,"Taken together, these actions should maintain downward pressure on longer-term interest rates, support mortgage markets, and help to make broader financial conditions more accommodative."
2012-12-12,-1,"If the outlook for the labor market does not improve substantially, the Committee will continue its purchases of Treasury and agency mortgage-backed securities, and employ its other policy tools as appropriate, until such improvement is achieved in a context of price stability."
2012-12-12,-1,"To support continued progress toward maximum employment and price stability, the Committee expects that a highly accommodative stance of monetary policy will remain appropriate for a considerable time after the asset purchase program ends and the economic recovery strengthens."
2012-12-12,-1,"In determining how long to maintain a highly accommodative stance of monetary policy, the Committee will also consider other information, including additional measures of labor market conditions, indicators of inflation pressures and inflation expectations, and readings on financial developments."
2012-12-12,1,"When the Committee decides to begin to remove policy accommodation, it will take a balanced approach consistent with its longer-run goals of maximum employment and inflation of 2 percent. """
2013-01-30,-1,"Inflation has been running somewhat below the Committee's longer-run objective, apart from temporary variations that largely reflect fluctuations in energy prices."
2013-01-30,0,Longer-term inflation expectations have remained stable.
2013-01-30,-1,"Consistent with its statutory mandate, the Committee seeks to foster maximum employment and price stability."
2013-01-30,-1,"The Committee expects that, with appropriate policy accommodation, economic growth will proceed at a moderate pace and the unemployment rate will gradually decline toward levels the Committee judges consistent with its dual mandate."
2013-01-30,-1,"Taken together, these actions should maintain downward pressure on longer-term interest rates, support mortgage markets, and help to make broader financial conditions more accommodative."
2013-01-30,-1,"If the outlook for the labor market does not improve substantially, the Committee will continue its purchases of Treasury and agency mortgage-backed securities, and employ its other policy tools as appropriate, until such improvement is achieved in a context of price stability."
2013-01-30,-1,"To support continued progress toward maximum employment and price stability, the Committee expects that a highly accommodative stance of monetary policy will remain appropriate for a considerable time after the asset purchase program ends and the economic recovery strengthens."
2013-01-30,-1,"In determining how long to maintain a highly accommodative stance of monetary policy, the Committee will also consider other information, including additional measures of labor market conditions, indicators of inflation pressures and inflation expectations, and readings on financial developments."
2013-01-30,1,"When the Committee decides to begin to remove policy accommodation, it will take a balanced approach consistent with its longer-run goals of maximum employment and inflation of 2 percent. """
2013-03-20,-1,"Inflation has been running somewhat below the Committee's longer-run objective, apart from temporary variations that largely reflect fluctuations in energy prices."
2013-03-20,0,Longer-term inflation expectations have remained stable.
2013-03-20,-1,"Consistent with its statutory mandate, the Committee seeks to foster maximum employment and price stability."
2013-03-20,-1,"The Committee expects that, with appropriate policy accommodation, economic growth will proceed at a moderate pace and the unemployment rate will gradually decline toward levels the Committee judges consistent with its dual mandate."
2013-03-20,-1,"Taken together, these actions should maintain downward pressure on longer-term interest rates, support mortgage markets, and help to make broader financial conditions more accommodative."
2013-03-20,-1,"To support continued progress toward maximum employment and price stability, the Committee expects that a highly accommodative stance of monetary policy will remain appropriate for a considerable time after the asset purchase program ends and the economic recovery strengthens."
2013-03-20,-1,"In determining how long to maintain a highly accommodative stance of monetary policy, the Committee will also consider other information, including additional measures of labor market conditions, indicators of inflation pressures and inflation expectations, and readings on financial developments."
2013-03-20,1,"When the Committee decides to begin to remove policy accommodation, it will take a balanced approach consistent with its longer-run goals of maximum employment and inflation of 2 percent. """
2013-05-01,-1,"Inflation has been running somewhat below the Committee's longer-run objective, apart from temporary variations that largely reflect fluctuations in energy prices."
2013-05-01,0,Longer-term inflation expectations have remained stable.
2013-05-01,-1,"Consistent with its statutory mandate, the Committee seeks to foster maximum employment and price stability."
2013-05-01,-1,"The Committee expects that, with appropriate policy accommodation, economic growth will proceed at a moderate pace and the unemployment rate will gradually decline toward levels the Committee judges consistent with its dual mandate."
2013-05-01,-1,"Taken together, these actions should maintain downward pressure on longer-term interest rates, support mortgage markets, and help to make broader financial conditions more accommodative."
2013-05-01,-1,"To support continued progress toward maximum employment and price stability, the Committee expects that a highly accommodative stance of monetary policy will remain appropriate for a considerable time after the asset purchase program ends and the economic recovery strengthens."
2013-05-01,-1,"In determining how long to maintain a highly accommodative stance of monetary policy, the Committee will also consider other information, including additional measures of labor market conditions, indicators of inflation pressures and inflation expectations, and readings on financial developments."
2013-05-01,1,"When the Committee decides to begin to remove policy accommodation, it will take a balanced approach consistent with its longer-run goals of maximum employment and inflation of 2 percent. """
2013-06-19,-1,"Consistent with its statutory mandate, the Committee seeks to foster maximum employment and price stability."
2013-06-19,-1,"The Committee expects that, with appropriate policy accommodation, economic growth will proceed at a moderate pace and the unemployment rate will gradually decline toward levels the Committee judges consistent with its dual mandate."
2013-06-19,-1,"Taken together, these actions should maintain downward pressure on longer-term interest rates, support mortgage markets, and help to make broader financial conditions more accommodative."
2013-06-19,-1,"To support continued progress toward maximum employment and price stability, the Committee expects that a highly accommodative stance of monetary policy will remain appropriate for a considerable time after the asset purchase program ends and the economic recovery strengthens."
2013-06-19,-1,"In determining how long to maintain a highly accommodative stance of monetary policy, the Committee will also consider other information, including additional measures of labor market conditions, indicators of inflation pressures and inflation expectations, and readings on financial developments."
2013-06-19,1,"When the Committee decides to begin to remove policy accommodation, it will take a balanced approach consistent with its longer-run goals of maximum employment and inflation of 2 percent. """
2013-07-31,-1,"Consistent with its statutory mandate, the Committee seeks to foster maximum employment and price stability."
2013-07-31,-1,"Taken together, these actions should maintain downward pressure on longer-term interest rates, support mortgage markets, and help to make broader financial conditions more accommodative."
2013-07-31,-1,"To support continued progress toward maximum employment and price stability, the Committee today reaffirmed its view that a highly accommodative stance of monetary policy will remain appropriate for a considerable time after the asset purchase program ends and the economic recovery strengthens."
2013-07-31,-1,"In determining how long to maintain a highly accommodative stance of monetary policy, the Committee will also consider other information, including additional measures of labor market conditions, indicators of inflation pressures and inflation expectations, and readings on financial developments."
2013-07-31,1,"When the Committee decides to begin to remove policy accommodation, it will take a balanced approach consistent with its longer-run goals of maximum employment and inflation of 2 percent. """
2013-09-18,-1,"Consistent with its statutory mandate, the Committee seeks to foster maximum employment and price stability."
2013-09-18,-1,"To support continued progress toward maximum employment and price stability, the Committee today reaffirmed its view that a highly accommodative stance of monetary policy will remain appropriate for a considerable time after the asset purchase program ends and the economic recovery strengthens."
2013-09-18,-1,"In determining how long to maintain a highly accommodative stance of monetary policy, the Committee will also consider other information, including additional measures of labor market conditions, indicators of inflation pressures and inflation expectations, and readings on financial developments."
2013-09-18,1,"When the Committee decides to begin to remove policy accommodation, it will take a balanced approach consistent with its longer-run goals of maximum employment and inflation of 2 percent. """
2013-10-30,-1,"Consistent with its statutory mandate, the Committee seeks to foster maximum employment and price stability."
2013-10-30,-1,"To support continued progress toward maximum employment and price stability, the Committee today reaffirmed its view that a highly accommodative stance of monetary policy will remain appropriate for a considerable time after the asset purchase program ends and the economic recovery strengthens."
2013-10-30,-1,"In determining how long to maintain a highly accommodative stance of monetary policy, the Committee will also consider other information, including additional measures of labor market conditions, indicators of inflation pressures and inflation expectations, and readings on financial developments."
2013-10-30,1,"When the Committee decides to begin to remove policy accommodation, it will take a balanced approach consistent with its longer-run goals of maximum employment and inflation of 2 percent. """
2013-12-18,-1,"Consistent with its statutory mandate, the Committee seeks to foster maximum employment and price stability."
2013-12-18,1,"If incoming information broadly supports the Committee's expectation of ongoing improvement in labor market conditions and inflation moving back toward its longer-run objective, the Committee will likely reduce the pace of asset purchases in further measured steps at future meetings."
2013-12-18,0,"However, asset purchases are not on a preset course, and the Committee's decisions about their pace will remain contingent on the Committee's outlook for the labor market and inflation as well as its assessment of the likely efficacy and costs of such purchases."
2013-12-18,-1,"To support continued progress toward maximum employment and price stability, the Committee today reaffirmed its view that a highly accommodative stance of monetary policy will remain appropriate for a considerable time after the asset purchase program ends and the economic recovery strengthens."
2013-12-18,-1,"In determining how long to maintain a highly accommodative stance of monetary policy, the Committee will also consider other information, including additional measures of labor market conditions, indicators of inflation pressures and inflation expectations, and readings on financial developments."
2013-12-18,1,"When the Committee decides to begin to remove policy accommodation, it will take a balanced approach consistent with its longer-run goals of maximum employment and inflation of 2 percent. """
2014-01-29,-1,"Consistent with its statutory mandate, the Committee seeks to foster maximum employment and price stability."
2014-01-29,1,"If incoming information broadly supports the Committee's expectation of ongoing improvement in labor market conditions and inflation moving back toward its longer-run objective, the Committee will likely reduce the pace of asset purchases in further measured steps at future meetings."
2014-01-29,0,"However, asset purchases are not on a preset course, and the Committee's decisions about their pace will remain contingent on the Committee's outlook for the labor market and inflation as well as its assessment of the likely efficacy and costs of such purchases."
2014-01-29,-1,"To support continued progress toward maximum employment and price stability, the Committee today reaffirmed its view that a highly accommodative stance of monetary policy will remain appropriate for a considerable time after the asset purchase program ends and the economic recovery strengthens."
2014-01-29,-1,"In determining how long to maintain a highly accommodative stance of monetary policy, the Committee will also consider other information, including additional measures of labor market conditions, indicators of inflation pressures and inflation expectations, and readings on financial developments."
2014-01-29,1,"When the Committee decides to begin to remove policy accommodation, it will take a balanced approach consistent with its longer-run goals of maximum employment and inflation of 2 percent. """
2014-03-19,-1,"Consistent with its statutory mandate, the Committee seeks to foster maximum employment and price stability."
2014-03-19,1,"If incoming information broadly supports the Committee's expectation of ongoing improvement in labor market conditions and inflation moving back toward its longer-run objective, the Committee will likely reduce the pace of asset purchases in further measured steps at future meetings."
2014-03-19,0,"However, asset purchases are not on a preset course, and the Committee's decisions about their pace will remain contingent on the Committee's outlook for the labor market and inflation as well as its assessment of the likely efficacy and costs of such purchases."
2014-03-19,0,"This assessment will take into account a wide range of information, including measures of labor market conditions, indicators of inflation pressures and inflation expectations, and readings on financial developments."
2014-03-19,1,"When the Committee decides to begin to remove policy accommodation, it will take a balanced approach consistent with its longer-run goals of maximum employment and inflation of 2 percent. """
2014-03-19,-1,"The Committee currently anticipates that, even after employment and inflation are near mandate-consistent levels, economic conditions may, for some time, warrant keeping the target federal funds rate below levels the Committee views as normal in the longer run. """
2014-04-30,-1,"Consistent with its statutory mandate, the Committee seeks to foster maximum employment and price stability."
2014-04-30,1,"If incoming information broadly supports the Committee's expectation of ongoing improvement in labor market conditions and inflation moving back toward its longer-run objective, the Committee will likely reduce the pace of asset purchases in further measured steps at future meetings."
2014-04-30,0,"However, asset purchases are not on a preset course, and the Committee's decisions about their pace will remain contingent on the Committee's outlook for the labor market and inflation as well as its assessment of the likely efficacy and costs of such purchases."
2014-04-30,0,"This assessment will take into account a wide range of information, including measures of labor market conditions, indicators of inflation pressures and inflation expectations, and readings on financial developments."
2014-04-30,1,"When the Committee decides to begin to remove policy accommodation, it will take a balanced approach consistent with its longer-run goals of maximum employment and inflation of 2 percent. """
2014-04-30,-1,"The Committee currently anticipates that, even after employment and inflation are near mandate-consistent levels, economic conditions may, for some time, warrant keeping the target federal funds rate below levels the Committee views as normal in the longer run. """
2014-06-18,-1,"Consistent with its statutory mandate, the Committee seeks to foster maximum employment and price stability."
2014-06-18,1,"If incoming information broadly supports the Committee's expectation of ongoing improvement in labor market conditions and inflation moving back toward its longer-run objective, the Committee will likely reduce the pace of asset purchases in further measured steps at future meetings."
2014-06-18,0,"However, asset purchases are not on a preset course, and the Committee's decisions about their pace will remain contingent on the Committee's outlook for the labor market and inflation as well as its assessment of the likely efficacy and costs of such purchases."
2014-06-18,0,"This assessment will take into account a wide range of information, including measures of labor market conditions, indicators of inflation pressures and inflation expectations, and readings on financial developments."
2014-06-18,1,"When the Committee decides to begin to remove policy accommodation, it will take a balanced approach consistent with its longer-run goals of maximum employment and inflation of 2 percent. """
2014-06-18,-1,"The Committee currently anticipates that, even after employment and inflation are near mandate-consistent levels, economic conditions may, for some time, warrant keeping the target federal funds rate below levels the Committee views as normal in the longer run. """
2014-07-30,0,Longer-term inflation expectations have remained stable.
2014-07-30,-1,"Consistent with its statutory mandate, the Committee seeks to foster maximum employment and price stability."
2014-07-30,1,"If incoming information broadly supports the Committee's expectation of ongoing improvement in labor market conditions and inflation moving back toward its longer-run objective, the Committee will likely reduce the pace of asset purchases in further measured steps at future meetings."
2014-07-30,0,"However, asset purchases are not on a preset course, and the Committee's decisions about their pace will remain contingent on the Committee's outlook for the labor market and inflation as well as its assessment of the likely efficacy and costs of such purchases."
2014-07-30,0,"This assessment will take into account a wide range of information, including measures of labor market conditions, indicators of inflation pressures and inflation expectations, and readings on financial developments."
2014-07-30,1,"When the Committee decides to begin to remove policy accommodation, it will take a balanced approach consistent with its longer-run goals of maximum employment and inflation of 2 percent. """
2014-07-30,-1,"The Committee currently anticipates that, even after employment and inflation are near mandate-consistent levels, economic conditions may, for some time, warrant keeping the target federal funds rate below levels the Committee views as normal in the longer run. """
2014-09-17,0,Longer-term inflation expectations have remained stable.
2014-09-17,-1,"Consistent with its statutory mandate, the Committee seeks to foster maximum employment and price stability."
2014-09-17,0,"However, asset purchases are not on a preset course, and the Committee's decisions about their pace will remain contingent on the Committee's outlook for the labor market and inflation as well as its assessment of the likely efficacy and costs of such purchases."
2014-09-17,0,"This assessment will take into account a wide range of information, including measures of labor market conditions, indicators of inflation pressures and inflation expectations, and readings on financial developments."
2014-09-17,1,"When the Committee decides to begin to remove policy accommodation, it will take a balanced approach consistent with its longer-run goals of maximum employment and inflation of 2 percent. """
2014-09-17,-1,"The Committee currently anticipates that, even after employment and inflation are near mandate-consistent levels, economic conditions may, for some time, warrant keeping the target federal funds rate below levels the Committee views as normal in the longer run. """
2014-10-29,-1,Market-based measures of inflation compensation have declined somewhat; survey-based measures of longer-term inflation expectations have remained stable.
2014-10-29,-1,"Consistent with its statutory mandate, the Committee seeks to foster maximum employment and price stability."
2014-10-29,0,"This assessment will take into account a wide range of information, including measures of labor market conditions, indicators of inflation pressures and inflation expectations, and readings on financial developments."
2014-10-29,1,"However, if incoming information indicates faster progress toward the Committee's employment and inflation objectives than the Committee now expects, then increases in the target range for the federal funds rate are likely to occur sooner than currently anticipated."
2014-10-29,1,"When the Committee decides to begin to remove policy accommodation, it will take a balanced approach consistent with its longer-run goals of maximum employment and inflation of 2 percent. """
2014-10-29,-1,"The Committee currently anticipates that, even after employment and inflation are near mandate-consistent levels, economic conditions may, for some time, warrant keeping the target federal funds rate below levels the Committee views as normal in the longer run. """
2014-12-17,-1,"Consistent with its statutory mandate, the Committee seeks to foster maximum employment and price stability."
2014-12-17,0,"This assessment will take into account a wide range of information, including measures of labor market conditions, indicators of inflation pressures and inflation expectations, and readings on financial developments."
2014-12-17,1,"However, if incoming information indicates faster progress toward the Committee's employment and inflation objectives than the Committee now expects, then increases in the target range for the federal funds rate are likely to occur sooner than currently anticipated."
2014-12-17,1,"When the Committee decides to begin to remove policy accommodation, it will take a balanced approach consistent with its longer-run goals of maximum employment and inflation of 2 percent. """
2014-12-17,-1,"The Committee currently anticipates that, even after employment and inflation are near mandate-consistent levels, economic conditions may, for some time, warrant keeping the target federal funds rate below levels the Committee views as normal in the longer run. """
2015-01-28,-1,"Consistent with its statutory mandate, the Committee seeks to foster maximum employment and price stability."
2015-01-28,-1,"The Committee expects that, with appropriate policy accommodation, economic activity will expand at a moderate pace, with labor market indicators continuing to move toward levels the Committee judges consistent with its dual mandate."
2015-01-28,0,"This assessment will take into account a wide range of information, including measures of labor market conditions, indicators of inflation pressures and inflation expectations, and readings on financial and international developments. """
2015-01-28,1,"However, if incoming information indicates faster progress toward the Committee's employment and inflation objectives than the Committee now expects, then increases in the target range for the federal funds rate are likely to occur sooner than currently anticipated."
2015-01-28,1,"When the Committee decides to begin to remove policy accommodation, it will take a balanced approach consistent with its longer-run goals of maximum employment and inflation of 2 percent. """
2015-01-28,-1,"The Committee currently anticipates that, even after employment and inflation are near mandate-consistent levels, economic conditions may, for some time, warrant keeping the target federal funds rate below levels the Committee views as normal in the longer run. """
2015-03-18,-1,"Consistent with its statutory mandate, the Committee seeks to foster maximum employment and price stability."
2015-03-18,-1,"The Committee expects that, with appropriate policy accommodation, economic activity will expand at a moderate pace, with labor market indicators continuing to move toward levels the Committee judges consistent with its dual mandate."
2015-03-18,0,"This assessment will take into account a wide range of information, including measures of labor market conditions, indicators of inflation pressures and inflation expectations, and readings on financial and international developments. """
2015-03-18,1,"When the Committee decides to begin to remove policy accommodation, it will take a balanced approach consistent with its longer-run goals of maximum employment and inflation of 2 percent. """
2015-03-18,-1,"The Committee currently anticipates that, even after employment and inflation are near mandate-consistent levels, economic conditions may, for some time, warrant keeping the target federal funds rate below levels the Committee views as normal in the longer run. """
2015-04-29,-1,"Consistent with its statutory mandate, the Committee seeks to foster maximum employment and price stability."
2015-04-29,-1,"Although growth in output and employment slowed during the first quarter, the Committee continues to expect that, with appropriate policy accommodation, economic activity will expand at a moderate pace, with labor market indicators continuing to move toward levels the Committee judges consistent with its dual mandate."
2015-04-29,0,"This assessment will take into account a wide range of information, including measures of labor market conditions, indicators of inflation pressures and inflation expectations, and readings on financial and international developments. """
2015-04-29,1,"When the Committee decides to begin to remove policy accommodation, it will take a balanced approach consistent with its longer-run goals of maximum employment and inflation of 2 percent. """
2015-04-29,-1,"The Committee currently anticipates that, even after employment and inflation are near mandate-consistent levels, economic conditions may, for some time, warrant keeping the target federal funds rate below levels the Committee views as normal in the longer run. """
2015-06-17,-1,"Consistent with its statutory mandate, the Committee seeks to foster maximum employment and price stability."
2015-06-17,-1,"The Committee expects that, with appropriate policy accommodation, economic activity will expand at a moderate pace, with labor market indicators continuing to move toward levels the Committee judges consistent with its dual mandate."
2015-06-17,0,"This assessment will take into account a wide range of information, including measures of labor market conditions, indicators of inflation pressures and inflation expectations, and readings on financial and international developments. """
2015-06-17,1,"When the Committee decides to begin to remove policy accommodation, it will take a balanced approach consistent with its longer-run goals of maximum employment and inflation of 2 percent. """
2015-06-17,-1,"The Committee currently anticipates that, even after employment and inflation are near mandate-consistent levels, economic conditions may, for some time, warrant keeping the target federal funds rate below levels the Committee views as normal in the longer run. """
2015-07-29,-1,"Consistent with its statutory mandate, the Committee seeks to foster maximum employment and price stability."
2015-07-29,-1,"The Committee expects that, with appropriate policy accommodation, economic activity will expand at a moderate pace, with labor market indicators continuing to move toward levels the Committee judges consistent with its dual mandate."
2015-07-29,0,"This assessment will take into account a wide range of information, including measures of labor market conditions, indicators of inflation pressures and inflation expectations, and readings on financial and international developments. """
2015-07-29,1,"When the Committee decides to begin to remove policy accommodation, it will take a balanced approach consistent with its longer-run goals of maximum employment and inflation of 2 percent. """
2015-07-29,-1,"The Committee currently anticipates that, even after employment and inflation are near mandate-consistent levels, economic conditions may, for some time, warrant keeping the target federal funds rate below levels the Committee views as normal in the longer run. """
2015-09-17,-1,"Consistent with its statutory mandate, the Committee seeks to foster maximum employment and price stability."
2015-09-17,0,"This assessment will take into account a wide range of information, including measures of labor market conditions, indicators of inflation pressures and inflation expectations, and readings on financial and international developments. """
2015-09-17,1,"When the Committee decides to begin to remove policy accommodation, it will take a balanced approach consistent with its longer-run goals of maximum employment and inflation of 2 percent. """
2015-09-17,-1,"The Committee currently anticipates that, even after employment and inflation are near mandate-consistent levels, economic conditions may, for some time, warrant keeping the target federal funds rate below levels the Committee views as normal in the longer run. """
2015-10-28,0,The pace of job gains slowed and the unemployment rate held steady.
2015-10-28,-1,"Consistent with its statutory mandate, the Committee seeks to foster maximum employment and price stability."
2015-10-28,-1,"The Committee expects that, with appropriate policy accommodation, economic activity will expand at a moderate pace, with labor market indicators continuing to move toward levels the Committee judges consistent with its dual mandate."
2015-10-28,0,"This assessment will take into account a wide range of information, including measures of labor market conditions, indicators of inflation pressures and inflation expectations, and readings on financial and international developments. """
2015-10-28,1,"When the Committee decides to begin to remove policy accommodation, it will take a balanced approach consistent with its longer-run goals of maximum employment and inflation of 2 percent. """
2015-10-28,-1,"The Committee currently anticipates that, even after employment and inflation are near mandate-consistent levels, economic conditions may, for some time, warrant keeping the target federal funds rate below levels the Committee views as normal in the longer run. """
2015-12-16,-1,"Consistent with its statutory mandate, the Committee seeks to foster maximum employment and price stability."
2015-12-16,0,"This assessment will take into account a wide range of information, including measures of labor market conditions, indicators of inflation pressures and inflation expectations, and readings on financial and international developments. """
2015-12-16,0,"In light of the current shortfall of inflation from 2 percent, the Committee will carefully monitor actual and expected progress toward its inflation goal."
2016-01-27,-1,"Consistent with its statutory mandate, the Committee seeks to foster maximum employment and price stability."
2016-01-27,0,"This assessment will take into account a wide range of information, including measures of labor market conditions, indicators of inflation pressures and inflation expectations, and readings on financial and international developments. """
2016-01-27,0,"In light of the current shortfall of inflation from 2 percent, the Committee will carefully monitor actual and expected progress toward its inflation goal."
2016-03-16,-1,"Consistent with its statutory mandate, the Committee seeks to foster maximum employment and price stability."
2016-03-16,0,"This assessment will take into account a wide range of information, including measures of labor market conditions, indicators of inflation pressures and inflation expectations, and readings on financial and international developments. """
2016-03-16,0,"In light of the current shortfall of inflation from 2 percent, the Committee will carefully monitor actual and expected progress toward its inflation goal."
2016-04-27,-1,"Consistent with its statutory mandate, the Committee seeks to foster maximum employment and price stability."
2016-04-27,0,"This assessment will take into account a wide range of information, including measures of labor market conditions, indicators of inflation pressures and inflation expectations, and readings on financial and international developments. """
2016-04-27,0,"In light of the current shortfall of inflation from 2 percent, the Committee will carefully monitor actual and expected progress toward its inflation goal."
2016-06-15,-1,"Consistent with its statutory mandate, the Committee seeks to foster maximum employment and price stability."
2016-06-15,-1,"The Committee currently expects that, with gradual adjustments in the stance of monetary policy, economic activity will expand at a moderate pace and labor market indicators will strengthen."
2016-06-15,0,"This assessment will take into account a wide range of information, including measures of labor market conditions, indicators of inflation pressures and inflation expectations, and readings on financial and international developments. """
2016-06-15,0,"In light of the current shortfall of inflation from 2 percent, the Committee will carefully monitor actual and expected progress toward its inflation goal."
2016-07-27,-1,"Consistent with its statutory mandate, the Committee seeks to foster maximum employment and price stability."
2016-07-27,-1,"The Committee currently expects that, with gradual adjustments in the stance of monetary policy, economic activity will expand at a moderate pace and labor market indicators will strengthen."
2016-07-27,0,"This assessment will take into account a wide range of information, including measures of labor market conditions, indicators of inflation pressures and inflation expectations, and readings on financial and international developments. """
2016-07-27,0,"In light of the current shortfall of inflation from 2 percent, the Committee will carefully monitor actual and expected progress toward its inflation goal."
2016-09-21,-1,"Consistent with its statutory mandate, the Committee seeks to foster maximum employment and price stability."
2016-09-21,0,"This assessment will take into account a wide range of information, including measures of labor market conditions, indicators of inflation pressures and inflation expectations, and readings on financial and international developments. """
2016-09-21,0,"In light of the current shortfall of inflation from 2 percent, the Committee will carefully monitor actual and expected progress toward its inflation goal."
2016-11-02,0,"Market-based measures of inflation compensation have moved up but remain low; most survey-based measures of longer-term inflation expectations are little changed, on balance, in recent months."
2016-11-02,-1,"Consistent with its statutory mandate, the Committee seeks to foster maximum employment and price stability."
2016-11-02,0,"This assessment will take into account a wide range of information, including measures of labor market conditions, indicators of inflation pressures and inflation expectations, and readings on financial and international developments. """
2016-11-02,0,"In light of the current shortfall of inflation from 2 percent, the Committee will carefully monitor actual and expected progress toward its inflation goal."
2016-12-14,-1,"Consistent with its statutory mandate, the Committee seeks to foster maximum employment and price stability."
2016-12-14,0,"This assessment will take into account a wide range of information, including measures of labor market conditions, indicators of inflation pressures and inflation expectations, and readings on financial and international developments. """
2016-12-14,0,"In light of the current shortfall of inflation from 2 percent, the Committee will carefully monitor actual and expected progress toward its inflation goal."
2017-02-01,-1,"Consistent with its statutory mandate, the Committee seeks to foster maximum employment and price stability."
2017-02-01,0,"This assessment will take into account a wide range of information, including measures of labor market conditions, indicators of inflation pressures and inflation expectations, and readings on financial and international developments. """
2017-02-01,0,"In light of the current shortfall of inflation from 2 percent, the Committee will carefully monitor actual and expected progress toward its inflation goal."
2017-03-15,-1,"Consistent with its statutory mandate, the Committee seeks to foster maximum employment and price stability."
2017-03-15,-1,"The stance of monetary policy remains accommodative, thereby supporting some further strengthening in labor market conditions and a sustained return to 2 percent inflation."
2017-03-15,0,"This assessment will take into account a wide range of information, including measures of labor market conditions, indicators of inflation pressures and inflation expectations, and readings on financial and international developments. """
2017-05-03,-1,"Consistent with its statutory mandate, the Committee seeks to foster maximum employment and price stability."
2017-05-03,-1,"The stance of monetary policy remains accommodative, thereby supporting some further strengthening in labor market conditions and a sustained return to 2 percent inflation."
2017-05-03,0,"This assessment will take into account a wide range of information, including measures of labor market conditions, indicators of inflation pressures and inflation expectations, and readings on financial and international developments. """
2017-06-14,-1,"Consistent with its statutory mandate, the Committee seeks to foster maximum employment and price stability."
2017-06-14,0,"Near-term risks to the economic outlook appear roughly balanced, but the Committee is monitoring inflation developments closely."
2017-06-14,-1,"The stance of monetary policy remains accommodative, thereby supporting some further strengthening in labor market conditions and a sustained return to 2 percent inflation."
2017-06-14,0,"This assessment will take into account a wide range of information, including measures of labor market conditions, indicators of inflation pressures and inflation expectations, and readings on financial and international developments. """
2017-07-26,-1,"Consistent with its statutory mandate, the Committee seeks to foster maximum employment and price stability."
2017-07-26,0,"Near-term risks to the economic outlook appear roughly balanced, but the Committee is monitoring inflation developments closely."
2017-07-26,-1,"The stance of monetary policy remains accommodative, thereby supporting some further strengthening in labor market conditions and a sustained return to 2 percent inflation."
2017-07-26,0,"This assessment will take into account a wide range of information, including measures of labor market conditions, indicators of inflation pressures and inflation expectations, and readings on financial and international developments. """
2017-09-20,-1,"Consistent with its statutory mandate, the Committee seeks to foster maximum employment and price stability."
2017-09-20,0,"Near-term risks to the economic outlook appear roughly balanced, but the Committee is monitoring inflation developments closely."
2017-09-20,-1,"The stance of monetary policy remains accommodative, thereby supporting some further strengthening in labor market conditions and a sustained return to 2 percent inflation."
2017-09-20,0,"This assessment will take into account a wide range of information, including measures of labor market conditions, indicators of inflation pressures and inflation expectations, and readings on financial and international developments. """
2017-11-01,-1,"Consistent with its statutory mandate, the Committee seeks to foster maximum employment and price stability."
2017-11-01,0,"Near-term risks to the economic outlook appear roughly balanced, but the Committee is monitoring inflation developments closely."
2017-11-01,-1,"The stance of monetary policy remains accommodative, thereby supporting some further strengthening in labor market conditions and a sustained return to 2 percent inflation."
2017-11-01,0,"This assessment will take into account a wide range of information, including measures of labor market conditions, indicators of inflation pressures and inflation expectations, and readings on financial and international developments. """
2017-12-13,-1,"Consistent with its statutory mandate, the Committee seeks to foster maximum employment and price stability."
2017-12-13,0,"Near-term risks to the economic outlook appear roughly balanced, but the Committee is monitoring inflation developments closely."
2017-12-13,0,"This assessment will take into account a wide range of information, including measures of labor market conditions, indicators of inflation pressures and inflation expectations, and readings on financial and international developments. """
2018-01-31,-1,"Consistent with its statutory mandate, the Committee seeks to foster maximum employment and price stability."
2018-01-31,0,"Near-term risks to the economic outlook appear roughly balanced, but the Committee is monitoring inflation developments closely."
2018-01-31,0,"This assessment will take into account a wide range of information, including measures of labor market conditions, indicators of inflation pressures and inflation expectations, and readings on financial and international developments. """
2018-03-21,-1,"Consistent with its statutory mandate, the Committee seeks to foster maximum employment and price stability."
2018-03-21,1,"The Committee expects that, with further gradual adjustments in the stance of monetary policy, economic activity will expand at a moderate pace in the medium term and labor market conditions will remain strong."
2018-03-21,0,"Near-term risks to the economic outlook appear roughly balanced, but the Committee is monitoring inflation developments closely."
2018-03-21,0,"This assessment will take into account a wide range of information, including measures of labor market conditions, indicators of inflation pressures and inflation expectations, and readings on financial and international developments. """
2018-05-02,-1,"Consistent with its statutory mandate, the Committee seeks to foster maximum employment and price stability."
2018-05-02,1,"The Committee expects that, with further gradual adjustments in the stance of monetary policy, economic activity will expand at a moderate pace in the medium term and labor market conditions will remain strong."
2018-05-02,0,"This assessment will take into account a wide range of information, including measures of labor market conditions, indicators of inflation pressures and inflation expectations, and readings on financial and international developments. """
2018-06-13,0,"Indicators of longer-term inflation expectations are little changed, on balance."
2018-06-13,-1,"Consistent with its statutory mandate, the Committee seeks to foster maximum employment and price stability."
2018-06-13,0,"In determining the timing and size of future adjustments to the target range for the federal funds rate, the Committee will assess realized and expected economic conditions relative to its maximum employment objective and its symmetric 2 percent inflation objective."
2018-06-13,0,"This assessment will take into account a wide range of information, including measures of labor market conditions, indicators of inflation pressures and inflation expectations, and readings on financial and international developments. """
2018-08-01,0,"Indicators of longer-term inflation expectations are little changed, on balance."
2018-08-01,-1,"Consistent with its statutory mandate, the Committee seeks to foster maximum employment and price stability."
2018-08-01,0,"In determining the timing and size of future adjustments to the target range for the federal funds rate, the Committee will assess realized and expected economic conditions relative to its maximum employment objective and its symmetric 2 percent inflation objective."
2018-08-01,0,"This assessment will take into account a wide range of information, including measures of labor market conditions, indicators of inflation pressures and inflation expectations, and readings on financial and international developments. """
2018-09-26,0,"Indicators of longer-term inflation expectations are little changed, on balance."
2018-09-26,-1,"Consistent with its statutory mandate, the Committee seeks to foster maximum employment and price stability."
2018-09-26,0,"In determining the timing and size of future adjustments to the target range for the federal funds rate, the Committee will assess realized and expected economic conditions relative to its maximum employment objective and its symmetric 2 percent inflation objective."
2018-09-26,0,"This assessment will take into account a wide range of information, including measures of labor market conditions, indicators of inflation pressures and inflation expectations, and readings on financial and international developments. """
2018-11-08,0,"Indicators of longer-term inflation expectations are little changed, on balance."
2018-11-08,-1,"Consistent with its statutory mandate, the Committee seeks to foster maximum employment and price stability."
2018-11-08,0,"In determining the timing and size of future adjustments to the target range for the federal funds rate, the Committee will assess realized and expected economic conditions relative to its maximum employment objective and its symmetric 2 percent inflation objective."
2018-11-08,0,"This assessment will take into account a wide range of information, including measures of labor market conditions, indicators of inflation pressures and inflation expectations, and readings on financial and international developments. """
2018-12-19,0,"Indicators of longer-term inflation expectations are little changed, on balance."
2018-12-19,-1,"Consistent with its statutory mandate, the Committee seeks to foster maximum employment and price stability."
2018-12-19,0,"In determining the timing and size of future adjustments to the target range for the federal funds rate, the Committee will assess realized and expected economic conditions relative to its maximum employment objective and its symmetric 2 percent inflation objective."
2018-12-19,0,"This assessment will take into account a wide range of information, including measures of labor market conditions, indicators of inflation pressures and inflation expectations, and readings on financial and international developments. """
2019-01-30,-1,"Consistent with its statutory mandate, the Committee seeks to foster maximum employment and price stability."
2019-01-30,0,"In determining the timing and size of future adjustments to the target range for the federal funds rate, the Committee will assess realized and expected economic conditions relative to its maximum employment objective and its symmetric 2 percent inflation objective."
2019-01-30,0,"This assessment will take into account a wide range of information, including measures of labor market conditions, indicators of inflation pressures and inflation expectations, and readings on financial and international developments. """
2019-03-20,-1,"Consistent with its statutory mandate, the Committee seeks to foster maximum employment and price stability."
2019-03-20,0,"In determining the timing and size of future adjustments to the target range for the federal funds rate, the Committee will assess realized and expected economic conditions relative to its maximum employment objective and its symmetric 2 percent inflation objective."
2019-03-20,0,"This assessment will take into account a wide range of information, including measures of labor market conditions, indicators of inflation pressures and inflation expectations, and readings on financial and international developments. """
2019-05-01,-1,"Consistent with its statutory mandate, the Committee seeks to foster maximum employment and price stability."
2019-05-01,0,"In determining the timing and size of future adjustments to the target range for the federal funds rate, the Committee will assess realized and expected economic conditions relative to its maximum employment objective and its symmetric 2 percent inflation objective."
2019-05-01,0,"This assessment will take into account a wide range of information, including measures of labor market conditions, indicators of inflation pressures and inflation expectations, and readings on financial and international developments. """
2019-06-19,-1,"Consistent with its statutory mandate, the Committee seeks to foster maximum employment and price stability."
2019-06-19,0,"In determining the timing and size of future adjustments to the target range for the federal funds rate, the Committee will assess realized and expected economic conditions relative to its maximum employment objective and its symmetric 2 percent inflation objective."
2019-06-19,0,"This assessment will take into account a wide range of information, including measures of labor market conditions, indicators of inflation pressures and inflation expectations, and readings on financial and international developments. """
2019-07-31,0,Market-based measures of inflation compensation remain low; survey-based measures of longer-term inflation expectations are little changed.
2019-07-31,-1,"Consistent with its statutory mandate, the Committee seeks to foster maximum employment and price stability."
2019-07-31,0,"In determining the timing and size of future adjustments to the target range for the federal funds rate, the Committee will assess realized and expected economic conditions relative to its maximum employment objective and its symmetric 2 percent inflation objective."
2019-07-31,0,"This assessment will take into account a wide range of information, including measures of labor market conditions, indicators of inflation pressures and inflation expectations, and readings on financial and international developments. """
2019-09-18,0,Market-based measures of inflation compensation remain low; survey-based measures of longer-term inflation expectations are little changed.
2019-09-18,-1,"Consistent with its statutory mandate, the Committee seeks to foster maximum employment and price stability."
2019-09-18,0,"In determining the timing and size of future adjustments to the target range for the federal funds rate, the Committee will assess realized and expected economic conditions relative to its maximum employment objective and its symmetric 2 percent inflation objective."
2019-09-18,0,"This assessment will take into account a wide range of information, including measures of labor market conditions, indicators of inflation pressures and inflation expectations, and readings on financial and international developments. """
2019-10-30,0,Market-based measures of inflation compensation remain low; survey-based measures of longer-term inflation expectations are little changed.
2019-10-30,-1,"Consistent with its statutory mandate, the Committee seeks to foster maximum employment and price stability."
2019-10-30,0,"In determining the timing and size of future adjustments to the target range for the federal funds rate, the Committee will assess realized and expected economic conditions relative to its maximum employment objective and its symmetric 2 percent inflation objective."
2019-10-30,0,"This assessment will take into account a wide range of information, including measures of labor market conditions, indicators of inflation pressures and inflation expectations, and readings on financial and international developments. """
2019-12-11,0,Market-based measures of inflation compensation remain low; survey-based measures of longer-term inflation expectations are little changed.
2019-12-11,-1,"Consistent with its statutory mandate, the Committee seeks to foster maximum employment and price stability."
2019-12-11,0,"In determining the timing and size of future adjustments to the target range for the federal funds rate, the Committee will assess realized and expected economic conditions relative to its maximum employment objective and its symmetric 2 percent inflation objective."
2019-12-11,0,"This assessment will take into account a wide range of information, including measures of labor market conditions, indicators of inflation pressures and inflation expectations, and readings on financial and international developments. """
2020-01-29,0,Market-based measures of inflation compensation remain low; survey-based measures of longer-term inflation expectations are little changed.
2020-01-29,-1,"Consistent with its statutory mandate, the Committee seeks to foster maximum employment and price stability."
2020-01-29,0,"In determining the timing and size of future adjustments to the target range for the federal funds rate, the Committee will assess realized and expected economic conditions relative to its maximum employment objective and its symmetric 2 percent inflation objective."
2020-01-29,0,"This assessment will take into account a wide range of information, including measures of labor market conditions, indicators of inflation pressures and inflation expectations, and readings on financial and international developments. """
2020-03-15,-1,"Consistent with its statutory mandate, the Committee seeks to foster maximum employment and price stability."
2020-03-15,0,"This assessment will take into account a wide range of information, including measures of labor market conditions, indicators of inflation pressures and inflation expectations, and readings on financial and international developments. """
2020-04-29,-1,Weaker demand and significantly lower oil prices are holding down consumer price inflation.
2020-04-29,-1,"The ongoing public health crisis will weigh heavily on economic activity, employment, and inflation in the near term, and poses considerable risks to the economic outlook over the medium term."
2020-04-29,0,"This assessment will take into account a wide range of information, including measures of labor market conditions, indicators of inflation pressures and inflation expectations, and readings on financial and international developments. """
2020-06-10,-1,Weaker demand and significantly lower oil prices are holding down consumer price inflation.
2020-06-10,-1,"The ongoing public health crisis will weigh heavily on economic activity, employment, and inflation in the near term, and poses considerable risks to the economic outlook over the medium term."
2020-06-10,0,"This assessment will take into account a wide range of information, including measures of labor market conditions, indicators of inflation pressures and inflation expectations, and readings on financial and international developments. """
2020-07-29,-1,Weaker demand and significantly lower oil prices are holding down consumer price inflation.
2020-07-29,-1,"The ongoing public health crisis will weigh heavily on economic activity, employment, and inflation in the near term, and poses considerable risks to the economic outlook over the medium term."
2020-07-29,0,"This assessment will take into account a wide range of information, including measures of labor market conditions, indicators of inflation pressures and inflation expectations, and readings on financial and international developments. """
2020-09-16,-1,Weaker demand and significantly lower oil prices are holding down consumer price inflation.
2020-09-16,0,"With inflation running persistently below this longer-run goal, the Committee will aim to achieve inflation moderately above 2 percent for some time so that inflation averages 2 percent over time and longer-term inflation expectations remain well anchored at 2 percent."
2020-09-16,0,The Committee decided to keep the target range for the federal funds rate at 0 to 1/4 percent and expects it will be appropriate to maintain this target range until labor market conditions have reached levels consistent with the Committee's assessments of maximum employment and inflation has risen to 2 percent and is on track to moderately exceed 2 percent for some time.
2020-09-16,0,The Committee would be prepared to adjust the stance of monetary policy as appropriate if risks emerge that could impede the attainment of the Committee's goals.
2020-09-16,0,"The Committee's assessments will take into account a wide range of information, including readings on public health, labor market conditions, inflation pressures and inflation expectations, and financial and international developments. """
2020-11-05,0,"With inflation running persistently below this longer-run goal, the Committee will aim to achieve inflation moderately above 2 percent for some time so that inflation averages 2 percent over time and longer-term inflation expectations remain well anchored at 2 percent."
2020-11-05,0,The Committee decided to keep the target range for the federal funds rate at 0 to 1/4 percent and expects it will be appropriate to maintain this target range until labor market conditions have reached levels consistent with the Committee's assessments of maximum employment and inflation has risen to 2 percent and is on track to moderately exceed 2 percent for some time.
2020-11-05,0,The Committee would be prepared to adjust the stance of monetary policy as appropriate if risks emerge that could impede the attainment of the Committee's goals.
2020-11-05,0,"The Committee's assessments will take into account a wide range of information, including readings on public health, labor market conditions, inflation pressures and inflation expectations, and financial and international developments. """
2020-12-16,0,"With inflation running persistently below this longer-run goal, the Committee will aim to achieve inflation moderately above 2 percent for some time so that inflation averages 2 percent over time and longer-term inflation expectations remain well anchored at 2 percent."
2020-12-16,0,The Committee decided to keep the target range for the federal funds rate at 0 to 1/4 percent and expects it will be appropriate to maintain this target range until labor market conditions have reached levels consistent with the Committee's assessments of maximum employment and inflation has risen to 2 percent and is on track to moderately exceed 2 percent for some time.
2020-12-16,0,The Committee would be prepared to adjust the stance of monetary policy as appropriate if risks emerge that could impede the attainment of the Committee's goals.
2020-12-16,0,"The Committee's assessments will take into account a wide range of information, including readings on public health, labor market conditions, inflation pressures and inflation expectations, and financial and international developments. """
2021-01-27,0,"With inflation running persistently below this longer-run goal, the Committee will aim to achieve inflation moderately above 2 percent for some time so that inflation averages 2 percent over time and longer-term inflation expectations remain well anchored at 2 percent."
2021-01-27,0,The Committee decided to keep the target range for the federal funds rate at 0 to 1/4 percent and expects it will be appropriate to maintain this target range until labor market conditions have reached levels consistent with the Committee's assessments of maximum employment and inflation has risen to 2 percent and is on track to moderately exceed 2 percent for some time.
2021-01-27,0,The Committee would be prepared to adjust the stance of monetary policy as appropriate if risks emerge that could impede the attainment of the Committee's goals.
2021-01-27,0,"The Committee's assessments will take into account a wide range of information, including readings on public health, labor market conditions, inflation pressures and inflation expectations, and financial and international developments. """
2021-03-17,0,"With inflation running persistently below this longer-run goal, the Committee will aim to achieve inflation moderately above 2 percent for some time so that inflation averages 2 percent over time and longer-term inflation expectations remain well anchored at 2 percent."
2021-03-17,0,The Committee decided to keep the target range for the federal funds rate at 0 to 1/4 percent and expects it will be appropriate to maintain this target range until labor market conditions have reached levels consistent with the Committee's assessments of maximum employment and inflation has risen to 2 percent and is on track to moderately exceed 2 percent for some time.
2021-03-17,0,The Committee would be prepared to adjust the stance of monetary policy as appropriate if risks emerge that could impede the attainment of the Committee's goals.
2021-03-17,0,"The Committee's assessments will take into account a wide range of information, including readings on public health, labor market conditions, inflation pressures and inflation expectations, and financial and international developments. """
2021-04-28,0,"With inflation running persistently below this longer-run goal, the Committee will aim to achieve inflation moderately above 2 percent for some time so that inflation averages 2 percent over time and longer-term inflation expectations remain well anchored at 2 percent."
2021-04-28,0,The Committee decided to keep the target range for the federal funds rate at 0 to 1/4 percent and expects it will be appropriate to maintain this target range until labor market conditions have reached levels consistent with the Committee's assessments of maximum employment and inflation has risen to 2 percent and is on track to moderately exceed 2 percent for some time.
2021-04-28,0,The Committee would be prepared to adjust the stance of monetary policy as appropriate if risks emerge that could impede the attainment of the Committee's goals.
2021-04-28,0,"The Committee's assessments will take into account a wide range of information, including readings on public health, labor market conditions, inflation pressures and inflation expectations, and financial and international developments. """
2021-06-16,0,The Committee decided to keep the target range for the federal funds rate at 0 to 1/4 percent and expects it will be appropriate to maintain this target range until labor market conditions have reached levels consistent with the Committee's assessments of maximum employment and inflation has risen to 2 percent and is on track to moderately exceed 2 percent for some time.
2021-06-16,0,The Committee would be prepared to adjust the stance of monetary policy as appropriate if risks emerge that could impede the attainment of the Committee's goals.
2021-06-16,0,"The Committee's assessments will take into account a wide range of information, including readings on public health, labor market conditions, inflation pressures and inflation expectations, and financial and international developments. """
2021-07-28,0,The Committee decided to keep the target range for the federal funds rate at 0 to 1/4 percent and expects it will be appropriate to maintain this target range until labor market conditions have reached levels consistent with the Committee's assessments of maximum employment and inflation has risen to 2 percent and is on track to moderately exceed 2 percent for some time.
2021-07-28,0,The Committee would be prepared to adjust the stance of monetary policy as appropriate if risks emerge that could impede the attainment of the Committee's goals.
2021-07-28,0,"The Committee's assessments will take into account a wide range of information, including readings on public health, labor market conditions, inflation pressures and inflation expectations, and financial and international developments. """
2021-09-22,0,The Committee decided to keep the target range for the federal funds rate at 0 to 1/4 percent and expects it will be appropriate to maintain this target range until labor market conditions have reached levels consistent with the Committee's assessments of maximum employment and inflation has risen to 2 percent and is on track to moderately exceed 2 percent for some time.
2021-09-22,0,The Committee would be prepared to adjust the stance of monetary policy as appropriate if risks emerge that could impede the attainment of the Committee's goals.
2021-09-22,0,"The Committee's assessments will take into account a wide range of information, including readings on public health, labor market conditions, inflation pressures and inflation expectations, and financial and international developments. """
2021-11-03,0,The Committee decided to keep the target range for the federal funds rate at 0 to 1/4 percent and expects it will be appropriate to maintain this target range until labor market conditions have reached levels consistent with the Committee's assessments of maximum employment and inflation has risen to 2 percent and is on track to moderately exceed 2 percent for some time.
2021-11-03,0,The Committee would be prepared to adjust the stance of monetary policy as appropriate if risks emerge that could impede the attainment of the Committee's goals.
2021-11-03,0,"The Committee's assessments will take into account a wide range of information, including readings on public health, labor market conditions, inflation pressures and inflation expectations, and financial and international developments. """
2021-12-15,0,The Committee would be prepared to adjust the stance of monetary policy as appropriate if risks emerge that could impede the attainment of the Committee's goals.
2021-12-15,0,"The Committee's assessments will take into account a wide range of information, including readings on public health, labor market conditions, inflation pressures and inflation expectations, and financial and international developments. """
2022-01-26,0,The Committee would be prepared to adjust the stance of monetary policy as appropriate if risks emerge that could impede the attainment of the Committee's goals.
2022-01-26,0,"The Committee's assessments will take into account a wide range of information, including readings on public health, labor market conditions, inflation pressures and inflation expectations, and financial and international developments. """
2022-03-16,0,The Committee would be prepared to adjust the stance of monetary policy as appropriate if risks emerge that could impede the attainment of the Committee's goals.
2022-03-16,0,"The Committee's assessments will take into account a wide range of information, including readings on public health, labor market conditions, inflation pressures and inflation expectations, and financial and international developments. """
2022-05-04,0,The Committee would be prepared to adjust the stance of monetary policy as appropriate if risks emerge that could impede the attainment of the Committee's goals.
2022-05-04,0,"The Committee's assessments will take into account a wide range of information, including readings on public health, labor market conditions, inflation pressures and inflation expectations, and financial and international developments. """
2022-06-15,0,The Committee would be prepared to adjust the stance of monetary policy as appropriate if risks emerge that could impede the attainment of the Committee's goals.
2022-06-15,0,"The Committee's assessments will take into account a wide range of information, including readings on public health, labor market conditions, inflation pressures and inflation expectations, and financial and international developments. """
2022-07-27,0,The Committee would be prepared to adjust the stance of monetary policy as appropriate if risks emerge that could impede the attainment of the Committee's goals.
2022-07-27,0,"The Committee's assessments will take into account a wide range of information, including readings on public health, labor market conditions, inflation pressures and inflation expectations, and financial and international developments. """
2022-09-21,0,The Committee would be prepared to adjust the stance of monetary policy as appropriate if risks emerge that could impede the attainment of the Committee's goals.
2022-09-21,0,"The Committee's assessments will take into account a wide range of information, including readings on public health, labor market conditions, inflation pressures and inflation expectations, and financial and international developments. """
2022-11-02,0,The Committee would be prepared to adjust the stance of monetary policy as appropriate if risks emerge that could impede the attainment of the Committee's goals.
2022-11-02,0,"The Committee's assessments will take into account a wide range of information, including readings on public health, labor market conditions, inflation pressures and inflation expectations, and financial and international developments. """
2022-12-14,0,The Committee would be prepared to adjust the stance of monetary policy as appropriate if risks emerge that could impede the attainment of the Committee's goals.
2022-12-14,0,"The Committee's assessments will take into account a wide range of information, including readings on public health, labor market conditions, inflation pressures and inflation expectations, and financial and international developments. """
2023-02-01,0,The Committee would be prepared to adjust the stance of monetary policy as appropriate if risks emerge that could impede the attainment of the Committee's goals.
2023-03-22,0,The Committee would be prepared to adjust the stance of monetary policy as appropriate if risks emerge that could impede the attainment of the Committee's goals.
2023-05-03,0,The Committee would be prepared to adjust the stance of monetary policy as appropriate if risks emerge that could impede the attainment of the Committee's goals.
2023-06-14,0,The Committee would be prepared to adjust the stance of monetary policy as appropriate if risks emerge that could impede the attainment of the Committee's goals.
2023-07-26,0,The Committee would be prepared to adjust the stance of monetary policy as appropriate if risks emerge that could impede the attainment of the Committee's goals.
2023-09-20,0,The Committee would be prepared to adjust the stance of monetary policy as appropriate if risks emerge that could impede the attainment of the Committee's goals.
2023-11-01,0,The Committee would be prepared to adjust the stance of monetary policy as appropriate if risks emerge that could impede the attainment of the Committee's goals.
2023-12-13,0,The Committee would be prepared to adjust the stance of monetary policy as appropriate if risks emerge that could impede the attainment of the Committee's goals.
2024-01-31,0,The Committee would be prepared to adjust the stance of monetary policy as appropriate if risks emerge that could impede the attainment of the Committee's goals.
2024-03-20,0,The Committee would be prepared to adjust the stance of monetary policy as appropriate if risks emerge that could impede the attainment of the Committee's goals.
2024-05-01,0,The Committee would be prepared to adjust the stance of monetary policy as appropriate if risks emerge that could impede the attainment of the Committee's goals.
2024-06-12,0,The Committee would be prepared to adjust the stance of monetary policy as appropriate if risks emerge that could impede the attainment of the Committee's goals.
2024-07-31,0,The Committee would be prepared to adjust the stance of monetary policy as appropriate if risks emerge that could impede the attainment of the Committee's goals.
2024-09-18,0,The Committee would be prepared to adjust the stance of monetary policy as appropriate if risks emerge that could impede the attainment of the Committee's goals.
2024-11-07,0,The Committee would be prepared to adjust the stance of monetary policy as appropriate if risks emerge that could impede the attainment of the Committee's goals.
2024-12-18,0,The Committee would be prepared to adjust the stance of monetary policy as appropriate if risks emerge that could impede the attainment of the Committee's goals.
2025-01-29,0,The Committee would be prepared to adjust the stance of monetary policy as appropriate if risks emerge that could impede the attainment of the Committee's goals.
2025-03-19,0,The Committee would be prepared to adjust the stance of monetary policy as appropriate if risks emerge that could impede the attainment of the Committee's goals.
2025-05-07,0,The Committee would be prepared to adjust the stance of monetary policy as appropriate if risks emerge that could impede the attainment of the Committee's goals.
2025-06-18,0,The Committee would be prepared to adjust the stance of monetary policy as appropriate if risks emerge that could impede the attainment of the Committee's goals.
2025-07-30,0,The Committee would be prepared to adjust the stance of monetary policy as appropriate if risks emerge that could impede the attainment of the Committee's goals.
2025-09-17,0,The Committee would be prepared to adjust the stance of monetary policy as appropriate if risks emerge that could impede the attainment of the Committee's goals.
2025-10-29,0,The Committee would be prepared to adjust the stance of monetary policy as appropriate if risks emerge that could impede the attainment of the Committee's goals.
2025-12-10,0,The Committee would be prepared to adjust the stance of monetary policy as appropriate if risks emerge that could impede the attainment of the Committee's goals.
2026-01-28,0,The Committee would be prepared to adjust the stance of monetary policy as appropriate if risks emerge that could impede the attainment of the Committee's goals.
2026-03-18,0,The Committee would be prepared to adjust the stance of monetary policy as appropriate if risks emerge that could impede the attainment of the Committee's goals.
2026-04-29,0,The Committee would be prepared to adjust the stance of monetary policy as appropriate if risks emerge that could impede the attainment of the Committee's goals.
