check,y,n,beta,t_nw,p_nw,r2,first,last
subperiod 2000-2007,MPS,32,0.035645873319247304,1.3237598014209433,0.19558198039838837,0.052640405903861764,2000-06-28,2007-08-17
subperiod 2008-2015,MPS,58,0.011774879224872964,0.42470428339475663,0.67267962523668,0.006837303353847135,2008-06-25,2015-10-28
subperiod 2016-2023,MPS,42,0.049312501387503226,3.396765529334533,0.001553239546298739,0.13377677204483684,2016-01-27,2023-12-13
score level instead of dScore,MPS,132,0.009723532394883602,1.3788876541434458,0.1702973124116799,0.012835056652867216,2000-06-28,2023-12-13
primary + previous statement's MPS,MPS,132,0.03328623181866474,2.38520398778986,0.018524492377725188,0.051853873559636554,2000-06-28,2023-12-13
primary + lagged dScore,MPS,132,0.03291348244441927,2.2883853001363867,0.023741524250278555,0.05158269018575168,2000-06-28,2023-12-13
decomposition: para dScore,MPS,132,0.014765518729518451,0.9765027867518749,0.3306430370405189,0.04871519028536331,2000-06-28,2023-12-13
decomposition: clean - para,MPS,132,0.04475720433432772,3.585711992134159,0.0004755491489190366,0.04871519028536331,2000-06-28,2023-12-13
decomposition: blind dScore,MPS,132,0.020694176836610012,1.8273472319870359,0.06995884441408702,0.05014622628577825,2000-06-28,2023-12-13
decomposition: clean - blind,MPS,132,0.05952265859847877,2.251795933974661,0.026026013950837375,0.05014622628577825,2000-06-28,2023-12-13
predictable part (MPS - MPS_ORTH),MPSp,125,0.022305355175719972,4.9872181055027465,2.0348928760856102e-06,0.1238723660719716,2000-06-28,2023-12-13
MPS on the same meetings,MPS,125,0.032833314379609416,2.392656083033317,0.01823991048790162,0.05161898859619696,2000-06-28,2023-12-13
"primary, x and y winsorised 2.5/97.5%",MPS,132,0.03406347157352792,2.5403455795443803,0.012250766101285605,0.05498539897956267,2000-06-28,2023-12-13
