date,dscore,mps
2000-06-28,-0.5050,-0.0219
2000-08-22,0.0000,0.0237
2000-10-03,0.0000,0.0531
2000-11-15,-0.0900,0.0143
2000-12-19,-0.8750,0.0315
2002-01-30,0.4100,0.0366
2002-03-19,0.4900,-0.0608
2002-05-07,-0.1000,-0.0364
2002-06-26,-0.2000,0.0209
2002-08-13,-0.3850,-0.1106
2002-09-24,-0.0400,-0.0039
2002-12-10,0.4800,0.0295
2003-01-29,-0.0400,0.0600
2003-03-18,-0.1200,0.0077
2003-05-06,-0.1850,-0.0854
2003-08-12,0.0400,-0.0306
2003-09-16,0.0000,0.0044
2003-10-28,0.0300,-0.0827
2003-12-09,0.1400,0.0434
2004-01-28,0.3100,0.1519
2004-03-16,-0.1500,-0.0565
2004-05-04,0.7300,0.0081
2006-08-08,-0.1200,-0.0247
2006-09-20,-0.0100,0.0279
2006-10-25,0.0200,-0.0015
2006-12-12,0.0100,-0.0259
2007-01-31,0.0000,-0.0007
2007-03-21,0.0400,-0.0896
2007-05-09,0.0300,0.0503
2007-06-28,0.0200,0.0244
2007-08-07,-0.0800,-0.0102
2007-08-17,-0.9900,-0.0281
2008-06-25,0.6900,-0.0498
2008-08-05,-0.2400,-0.0191
2008-09-16,-0.3200,0.1030
2009-01-28,0.0900,-0.0006
2009-03-18,-0.0800,-0.0581
2009-04-29,0.1400,0.0261
2009-06-24,0.1000,0.0549
2009-08-12,0.1000,-0.0060
2009-09-23,-0.0200,-0.0986
2009-11-04,-0.0200,-0.0130
2009-12-16,0.1000,0.0151
2010-01-27,0.1000,0.0381
2010-03-16,-0.0600,-0.0306
2010-04-28,-0.0400,0.0011
2010-06-23,-0.0800,0.0156
2010-08-10,-0.0500,-0.0162
2010-09-21,-0.0700,-0.0022
2010-11-03,-0.1100,0.0058
2010-12-14,0.0900,0.0052
2011-01-26,0.0200,-0.0025
2011-03-15,0.2000,0.0158
2011-04-27,-0.0600,-0.0025
2011-06-22,0.0800,0.0140
2011-08-09,-0.2400,-0.0115
2011-09-21,0.0200,0.0699
2011-11-02,0.1000,0.0233
2011-12-13,0.0200,0.0175
2012-01-25,-0.1500,-0.0116
2012-03-13,0.1700,0.0215
2012-04-25,-0.0400,0.0130
2012-06-20,-0.1000,0.0287
2012-08-01,-0.0200,0.0227
2012-09-13,-0.1100,0.0240
2012-10-24,0.0900,0.0089
2012-12-12,-0.0400,0.0041
2013-01-30,0.0900,0.0058
2013-03-20,0.0100,0.0117
2013-05-01,0.0200,0.0076
2013-06-19,0.3700,0.0109
2013-07-31,-0.2500,0.0058
2013-09-18,0.0000,-0.0039
2013-10-30,0.0800,0.0088
2013-12-18,0.6700,0.0119
2014-01-29,-0.2300,0.0084
2014-03-19,-0.2100,0.0255
2014-04-30,0.0700,0.0116
2014-06-18,-0.0400,0.0167
2014-07-30,0.1700,0.0025
2014-09-17,-0.0700,0.0248
2014-10-29,0.3900,0.0331
2014-12-17,-0.3100,-0.0530
2015-01-28,-0.1000,-0.0014
2015-03-18,0.1850,-0.0648
2015-04-29,-0.4250,0.0057
2015-06-17,0.2000,-0.0381
2015-07-29,0.2500,-0.0034
2015-09-17,-0.3700,-0.0582
2015-10-28,0.7300,0.0532
2016-01-27,-0.6700,-0.0230
2016-03-16,0.0050,-0.0824
2016-04-27,0.0750,0.0181
2016-06-15,-0.1700,-0.0396
2016-07-27,0.5900,0.0155
2016-09-21,0.1300,-0.0231
2016-11-02,0.0250,0.0115
2017-02-01,-0.2900,-0.0140
2017-05-03,-0.1300,0.0208
2017-07-26,-0.3250,-0.0034
2017-09-20,0.1600,0.0580
2017-11-01,-0.0350,0.0136
2018-01-31,-0.0250,0.0162
2018-05-02,-0.1500,0.0018
2018-08-01,-0.1200,0.0045
2018-11-08,-0.1650,0.0168
2019-01-30,-0.9150,-0.0196
2019-03-20,0.0650,-0.0270
2019-05-01,0.1200,-0.0374
2019-06-19,-0.3100,-0.0793
2019-12-11,0.2000,0.0051
2020-01-29,0.0077,0.0136
2020-03-23,-0.0116,-0.0240
2020-04-29,0.0974,0.0029
2020-06-10,0.0062,0.0051
2020-07-29,0.0331,0.0016
2020-09-16,-0.0126,0.0084
2020-11-05,-0.0124,0.0057
2020-12-16,0.0107,0.0096
2021-01-27,-0.0070,0.0064
2021-03-17,0.0388,0.0005
2021-04-28,0.0697,0.0058
2021-06-16,0.0986,0.0284
2021-07-28,0.1108,0.0101
2021-09-22,0.1892,0.0082
2021-11-03,0.3199,0.0147
2021-12-15,0.4309,0.0575
2022-01-26,0.2426,0.0024
2023-06-14,0.0725,0.0979
2023-09-20,-0.2552,0.0869
2023-11-01,-0.1126,-0.0062
2023-12-13,-0.5500,-0.0819
